%time,field.header.seq,field.header.stamp,field.header.frame_id,field.latitude,field.longitude,field.altitude,field.utm_easting,field.utm_northing,field.zone,field.letter
1695950716264836234,18,12516000000000,GPS1_Frame,42.33902333333333,-71.08843166666666,39.2,327958.55891399813,4689530.986076393,19,T
1695950717285317540,19,12517000000000,GPS1_Frame,42.33902,-71.08843666666667,39.0,327958.137914381,4689530.626051783,19,T
1695950718278404875,20,12518000000000,GPS1_Frame,42.339015,-71.08844666666667,38.5,327957.3004605004,4689530.091073308,19,T
1695950719262868779,21,12519000000000,GPS1_Frame,42.33901,-71.088455,38.1,327956.6003094212,4689529.552722649,19,T
1695950720280362840,22,12520000000000,GPS1_Frame,42.339011666666664,-71.08845333333333,38.0,327956.7421578433,4689529.734421045,19,T
1695950721278105233,23,12521000000000,GPS1_Frame,42.339011666666664,-71.08845333333333,38.0,327956.7421578433,4689529.734421045,19,T
1695950722276780765,24,12522000000000,GPS1_Frame,42.339011666666664,-71.08845333333333,38.0,327956.7421578433,4689529.734421045,19,T
1695950723276198806,25,12523000000000,GPS1_Frame,42.33901,-71.08846166666666,37.5,327956.051097709,4689529.566211793,19,T
1695950724258158311,26,12524000000000,GPS1_Frame,42.33900666666667,-71.08846833333334,37.1,327955.49279494124,4689529.209559626,19,T
1695950725275178917,27,12525000000000,GPS1_Frame,42.339005,-71.08847166666666,37.1,327955.21364353783,4689529.03123356,19,T
1695950726277585004,28,12526000000000,GPS1_Frame,42.33900333333333,-71.088475,36.9,327954.93449211575,4689528.852907503,19,T
1695950727286861288,29,12527000000000,GPS1_Frame,42.33900333333333,-71.088475,36.6,327954.93449211575,4689528.852907503,19,T
1695950728286313052,30,12528000000000,GPS1_Frame,42.33900666666667,-71.088475,36.2,327954.9435831995,4689529.2230488565,19,T
1695950729286074343,31,12529000000000,GPS1_Frame,42.33900833333333,-71.08847333333334,35.8,327955.0854316745,4689529.404747223,19,T
1695950730286635386,32,12530000000000,GPS1_Frame,42.339011666666664,-71.08847166666666,35.6,327955.23182567745,4689529.771516266,19,T
1695950731267368678,33,12531000000000,GPS1_Frame,42.339011666666664,-71.08847166666666,35.3,327955.23182567745,4689529.771516266,19,T
1695950732267926021,34,12532000000000,GPS1_Frame,42.339011666666664,-71.08847166666666,35.2,327955.23182567745,4689529.771516266,19,T
1695950733266248540,35,12533000000000,GPS1_Frame,42.33901,-71.08847166666666,35.0,327955.22728014237,4689529.5864455905,19,T
1695950734264837079,36,12534000000000,GPS1_Frame,42.339011666666664,-71.08846833333334,34.7,327955.5064315244,4689529.764771657,19,T
1695950735285385725,37,12535000000000,GPS1_Frame,42.339011666666664,-71.08846666666666,34.3,327955.6437344499,4689529.761399356,19,T
1695950736285856485,38,12536000000000,GPS1_Frame,42.339013333333334,-71.08846666666666,33.8,327955.64827997435,4689529.946470033,19,T
1695950737267490989,39,12537000000000,GPS1_Frame,42.339018333333335,-71.08846833333334,33.3,327955.52461363736,4689530.505054366,19,T
1695950738267933747,40,12538000000000,GPS1_Frame,42.33902,-71.08846666666666,32.9,327955.66646207334,4689530.686752742,19,T
1695950739267285674,41,12539000000000,GPS1_Frame,42.33902,-71.08846666666666,32.7,327955.66646207334,4689530.686752742,19,T
1695950740267919195,42,12540000000000,GPS1_Frame,42.33902,-71.088465,32.4,327955.80376497866,4689530.683380444,19,T
1695950741267643726,43,12541000000000,GPS1_Frame,42.33902,-71.08846666666666,32.3,327955.66646207334,4689530.686752742,19,T
1695950742267242769,44,12542000000000,GPS1_Frame,42.339018333333335,-71.088465,32.2,327955.7992194573,4689530.498309767,19,T
1695950743270282079,45,12543000000000,GPS1_Frame,42.339018333333335,-71.08846166666666,31.8,327956.07382527716,4689530.491565178,19,T
1695950744268113216,46,12544000000000,GPS1_Frame,42.339016666666666,-71.08846166666666,31.5,327956.06927976327,4689530.3064945005,19,T
1695950745267206079,47,12545000000000,GPS1_Frame,42.339016666666666,-71.08846,31.3,327956.20658267784,4689530.303122209,19,T
1695950746267881404,48,12546000000000,GPS1_Frame,42.339015,-71.08845833333334,31.4,327956.3393400817,4689530.114679246,19,T
1695950747267889807,49,12547000000000,GPS1_Frame,42.339013333333334,-71.08846,31.6,327956.1974916577,4689529.932980857,19,T
1695950748265256168,50,12548000000000,GPS1_Frame,42.33901,-71.08846166666666,31.7,327956.051097709,4689529.566211793,19,T
1695950749268052249,51,12549000000000,GPS1_Frame,42.33900833333333,-71.08846166666666,31.7,327956.0465521958,4689529.381141116,19,T
1695950750267644987,52,12550000000000,GPS1_Frame,42.339005,-71.08846166666666,31.7,327956.0374611698,4689529.010999762,19,T
1695950751266042305,53,12551000000000,GPS1_Frame,42.33900166666667,-71.08846333333334,31.6,327955.89106719714,4689528.644230702,19,T
1695950752265304285,54,12552000000000,GPS1_Frame,42.338998333333336,-71.088465,31.6,327955.74467321264,4689528.277461644,19,T
1695950753264717030,55,12553000000000,GPS1_Frame,42.338995,-71.08846833333334,31.7,327955.4609762522,4689527.914064889,19,T
1695950754267675729,56,12554000000000,GPS1_Frame,42.338993333333335,-71.08846666666666,31.6,327955.5937336914,4689527.725621913,19,T
1695950755288127597,57,12555000000000,GPS1_Frame,42.338995,-71.088465,31.6,327955.7355821738,4689527.90732029,19,T
1695950756267430745,58,12556000000000,GPS1_Frame,42.338995,-71.088465,31.6,327955.7355821738,4689527.90732029,19,T
1695950757267038507,59,12557000000000,GPS1_Frame,42.338993333333335,-71.08846666666666,31.5,327955.5937336914,4689527.725621913,19,T
1695950758267732376,60,12558000000000,GPS1_Frame,42.338991666666665,-71.08846666666666,31.4,327955.5891881687,4689527.540551237,19,T
1695950759288577012,61,12559000000000,GPS1_Frame,42.33899,-71.08846666666666,31.4,327955.58464264625,4689527.35548056,19,T
1695950760267511869,62,12600000000000,GPS1_Frame,42.33899,-71.08846666666666,31.3,327955.58464264625,4689527.35548056,19,T
1695950761266041292,63,12601000000000,GPS1_Frame,42.33899,-71.08846166666666,31.2,327955.99655156024,4689527.345363674,19,T
1695950762266092188,64,12602000000000,GPS1_Frame,42.338991666666665,-71.088455,31.2,327956.5503089438,4689527.516945206,19,T
1695950763268074508,65,12603000000000,GPS1_Frame,42.338991666666665,-71.08845166666667,31.1,327956.8249148776,4689527.51020065,19,T
1695950764267772712,66,12604000000000,GPS1_Frame,42.338995,-71.08844833333333,31.0,327957.10861178103,4689527.873597456,19,T
1695950765267121690,67,12605000000000,GPS1_Frame,42.338998333333336,-71.08844666666667,30.9,327957.2550056975,4689528.240366543,19,T
1695950766287691556,68,12606000000000,GPS1_Frame,42.33900166666667,-71.08844166666667,30.8,327957.6760054962,4689528.600391106,19,T
1695950767268033418,69,12607000000000,GPS1_Frame,42.33900666666667,-71.088435,30.7,327958.2388536423,4689529.142114119,19,T
1695950768286286602,70,12608000000000,GPS1_Frame,42.33901,-71.08843,30.7,327958.6598533349,4689529.502138739,19,T
1695950769286467935,71,12609000000000,GPS1_Frame,42.339015,-71.08841833333334,30.7,327959.63461008546,4689530.033745153,19,T
1695950770286001537,72,12610000000000,GPS1_Frame,42.339016666666666,-71.08840833333333,30.7,327960.46297298383,4689530.198582547,19,T
1695950771286174644,73,12611000000000,GPS1_Frame,42.339018333333335,-71.0884,30.8,327961.1540329278,4689530.366792231,19,T
1695950772265059042,74,12612000000000,GPS1_Frame,42.33902,-71.08839166666667,30.9,327961.84509283525,4689530.53500198,19,T
1695950773280720777,75,12613000000000,GPS1_Frame,42.33902166666667,-71.088385,30.9,327962.39884980314,4689530.706583964,19,T
1695950774285976293,76,12614000000000,GPS1_Frame,42.33902333333333,-71.08837833333334,30.9,327962.9526067439,4689530.878165989,19,T
1695950775286076538,77,12615000000000,GPS1_Frame,42.33902333333333,-71.088375,30.9,327963.2272125406,4689530.871421681,19,T
1695950776280204099,78,12616000000000,GPS1_Frame,42.33902333333333,-71.08837166666666,30.8,327963.50181833724,4689530.864677384,19,T
1695950777279560416,79,12617000000000,GPS1_Frame,42.33902333333333,-71.08837666666666,30.7,327963.0899096433,4689530.874793834,19,T
1695950778265559647,80,12618000000000,GPS1_Frame,42.33902,-71.08838333333334,30.6,327962.5316073626,4689530.518141122,19,T
1695950779286160093,81,12619000000000,GPS1_Frame,42.339016666666666,-71.08839166666667,30.6,327961.83600211225,4689530.164860627,19,T
1695950780287281291,82,12620000000000,GPS1_Frame,42.339013333333334,-71.08839833333333,30.6,327961.27769971086,4689529.808208011,19,T
1695950781288110320,83,12621000000000,GPS1_Frame,42.33900666666667,-71.08840666666667,30.4,327960.57300353434,4689529.084786285,19,T
1695950782267880213,84,12622000000000,GPS1_Frame,42.33900333333333,-71.08841166666667,30.3,327960.15200392285,4689528.724761554,19,T
1695950783267732495,85,12623000000000,GPS1_Frame,42.338998333333336,-71.08841833333334,30.2,327959.58915589977,4689528.183038389,19,T
1695950784267673838,86,12624000000000,GPS1_Frame,42.338993333333335,-71.08843,30.0,327958.6143988993,4689527.651431977,19,T
1695950785267603397,87,12625000000000,GPS1_Frame,42.338991666666665,-71.08843666666667,29.9,327958.0606415875,4689527.479850283,19,T
1695950786288123130,88,12626000000000,GPS1_Frame,42.33899,-71.08844,29.8,327957.7814901875,4689527.301524114,19,T
1695950787288604681,89,12627000000000,GPS1_Frame,42.33899,-71.08844166666667,29.6,327957.6441872171,4689527.304896371,19,T
1695950788268371494,90,12628000000000,GPS1_Frame,42.33898666666666,-71.08844666666667,29.7,327957.22318734403,4689526.9448718075,19,T
1695950789267280720,91,12629000000000,GPS1_Frame,42.33898666666666,-71.08845,29.5,327956.9485813885,4689526.951616348,19,T
1695950790267659690,92,12630000000000,GPS1_Frame,42.338985,-71.08845166666667,29.3,327956.8067329193,4689526.769917945,19,T
1695950791268494828,93,12631000000000,GPS1_Frame,42.33898166666667,-71.088455,29.2,327956.5230359636,4689526.40652115,19,T
1695950792267392322,94,12632000000000,GPS1_Frame,42.33898,-71.08845666666667,28.8,327956.38118747296,4689526.224822755,19,T
1695950793264612787,95,12633000000000,GPS1_Frame,42.33898,-71.08846,28.8,327956.1065814883,4689526.231567327,19,T
1695950794265302273,96,12634000000000,GPS1_Frame,42.33898166666667,-71.08846166666666,28.6,327955.9738240044,4689526.420010293,19,T
1695950795265337194,97,12635000000000,GPS1_Frame,42.33898666666666,-71.08846166666666,28.6,327955.98746053746,4689526.975222321,19,T
1695950796267834040,98,12636000000000,GPS1_Frame,42.338991666666665,-71.08846166666666,28.6,327956.0010970718,4689527.5304343505,19,T
1695950797267647830,99,12637000000000,GPS1_Frame,42.338991666666665,-71.08846,28.4,327956.13840004086,4689527.52706206,19,T
1695950798267143475,100,12638000000000,GPS1_Frame,42.338993333333335,-71.08845666666667,28.1,327956.4175514756,4689527.705388164,19,T
1695950799267957134,101,12639000000000,GPS1_Frame,42.33898833333333,-71.08845833333334,28.3,327956.2666119972,4689527.1535484195,19,T
1695950800265214632,102,12640000000000,GPS1_Frame,42.33898833333333,-71.08845666666667,28.2,327956.4039149735,4689527.150176135,19,T
1695950801264807819,103,12641000000000,GPS1_Frame,42.33898333333333,-71.08845666666667,28.2,327956.39027847274,4689526.594964107,19,T
1695950802265246490,104,12642000000000,GPS1_Frame,42.33898333333333,-71.088455,28.2,327956.52758145996,4689526.591591825,19,T
1695950803267445548,105,12643000000000,GPS1_Frame,42.33898333333333,-71.08845666666667,28.5,327956.39027847274,4689526.594964107,19,T
1695950804265737569,106,12644000000000,GPS1_Frame,42.33898333333333,-71.088455,28.6,327956.52758145996,4689526.591591825,19,T
1695950805281201234,107,12645000000000,GPS1_Frame,42.33897666666667,-71.08846166666666,28.6,327955.96018747275,4689525.864798265,19,T
1695950806265090998,108,12646000000000,GPS1_Frame,42.338975,-71.08846333333334,28.7,327955.8183389571,4689525.683099882,19,T
1695950807265194897,109,12647000000000,GPS1_Frame,42.33897666666667,-71.08846,28.9,327956.09749047447,4689525.861425974,19,T
1695950808265796689,110,12648000000000,GPS1_Frame,42.338975,-71.08846,29.2,327956.09294496785,4689525.6763553,19,T
1695950809265293719,111,12649000000000,GPS1_Frame,42.338975,-71.08845833333334,29.3,327956.23024796904,4689525.672983012,19,T
1695950810285277643,112,12650000000000,GPS1_Frame,42.338975,-71.08845666666667,29.4,327956.36755097436,4689525.669610728,19,T
1695950811268727535,113,12651000000000,GPS1_Frame,42.338973333333335,-71.08845666666667,29.5,327956.36300547514,4689525.484540053,19,T
1695950812268407401,114,12652000000000,GPS1_Frame,42.338973333333335,-71.08845166666667,29.6,327956.77491449786,4689525.474423216,19,T
1695950813266707499,115,12653000000000,GPS1_Frame,42.33897,-71.08845333333333,29.7,327956.6285205075,4689525.10765414,19,T
1695950814267553359,116,12654000000000,GPS1_Frame,42.33897,-71.08845166666667,29.5,327956.76582352165,4689525.104281864,19,T
1695950815268843820,117,12655000000000,GPS1_Frame,42.33897,-71.08845166666667,29.5,327956.76582352165,4689525.104281864,19,T
1695950816268600572,118,12656000000000,GPS1_Frame,42.338968333333334,-71.088455,29.4,327956.48667199817,4689524.9259557435,19,T
1695950817287690021,119,12657000000000,GPS1_Frame,42.33896333333333,-71.08845833333334,29.4,327956.1984294521,4689524.3774882825,19,T
1695950818267464562,120,12658000000000,GPS1_Frame,42.33896166666667,-71.08846,29.4,327956.05658092,4689524.195789895,19,T
1695950819288644927,121,12659000000000,GPS1_Frame,42.33896,-71.08846166666666,29.3,327955.9147323766,4689524.014091509,19,T
1695950820288652011,122,12700000000000,GPS1_Frame,42.33895666666667,-71.08846666666666,29.4,327955.49373222725,4689523.654067043,19,T
1695950821288135534,123,12701000000000,GPS1_Frame,42.338955,-71.08847,29.5,327955.2145806119,4689523.47574097,19,T
1695950822288756779,124,12702000000000,GPS1_Frame,42.33895666666667,-71.08847,29.5,327955.2191261386,4689523.660811646,19,T
1695950823268839986,125,12703000000000,GPS1_Frame,42.33895666666667,-71.08847,29.5,327955.2191261386,4689523.660811646,19,T
1695950824289375493,126,12704000000000,GPS1_Frame,42.33895666666667,-71.08847,29.5,327955.2191261386,4689523.660811646,19,T
1695950825289014148,127,12705000000000,GPS1_Frame,42.33895666666667,-71.08847,29.5,327955.2191261386,4689523.660811646,19,T
1695950826289302061,128,12706000000000,GPS1_Frame,42.33895666666667,-71.08847,29.5,327955.2191261386,4689523.660811646,19,T
1695950827290733929,129,12707000000000,GPS1_Frame,42.33895666666667,-71.08847,29.5,327955.2191261386,4689523.660811646,19,T
1695950828289451364,130,12708000000000,GPS1_Frame,42.33895666666667,-71.08847,29.5,327955.2191261386,4689523.660811646,19,T
1695950829268273268,131,12709000000000,GPS1_Frame,42.33895666666667,-71.08847,29.5,327955.2191261386,4689523.660811646,19,T
1695950830288712324,132,12710000000000,GPS1_Frame,42.33895666666667,-71.08847166666666,29.8,327955.08182309533,4689523.664183952,19,T
1695950831289169119,133,12711000000000,GPS1_Frame,42.33895833333333,-71.08847166666666,30.0,327955.08636862575,4689523.849254629,19,T
1695950832289524907,134,12712000000000,GPS1_Frame,42.33895666666667,-71.08847333333334,30.2,327954.94452004984,4689523.667556261,19,T
1695950833268633785,135,12713000000000,GPS1_Frame,42.338953333333336,-71.08847833333333,30.2,327954.5235198282,4689523.307531851,19,T
1695950834268429875,136,12714000000000,GPS1_Frame,42.33895,-71.08848166666667,30.5,327954.23982262134,4689522.944135141,19,T
1695950835266045797,137,12715000000000,GPS1_Frame,42.33895,-71.08848333333333,30.5,327954.1025195634,4689522.947507465,19,T
1695950836268850678,138,12716000000000,GPS1_Frame,42.33895,-71.08848666666667,30.7,327953.8279134454,4689522.954252122,19,T
1695950837288528377,139,12717000000000,GPS1_Frame,42.338948333333335,-71.08848666666667,30.8,327953.823367883,4689522.769181447,19,T
1695950838289114419,140,12718000000000,GPS1_Frame,42.33895,-71.08849,31.1,327953.5533073273,4689522.96099679,19,T
1695950839268664951,141,12719000000000,GPS1_Frame,42.33895,-71.08849333333333,31.1,327953.2787012093,4689522.967741469,19,T
1695950840268912247,142,12720000000000,GPS1_Frame,42.33895,-71.088495,31.3,327953.1413981513,4689522.971113812,19,T
1695950841267149645,143,12721000000000,GPS1_Frame,42.338948333333335,-71.08849666666667,31.6,327952.99954950693,4689522.789415484,19,T
1695950842267768468,144,12722000000000,GPS1_Frame,42.338946666666665,-71.0885,31.7,327952.7203977922,4689522.611089509,19,T
1695950843267997792,145,12723000000000,GPS1_Frame,42.33894333333333,-71.08850333333334,31.8,327952.4367004606,4689522.247692869,19,T
1695950844269005724,146,12724000000000,GPS1_Frame,42.33894166666666,-71.08850666666666,32.0,327952.15754870995,4689522.069366915,19,T
1695950845267739527,147,12725000000000,GPS1_Frame,42.33894,-71.08851,32.0,327951.87839694275,4689521.891040972,19,T
1695950846268001472,148,12726000000000,GPS1_Frame,42.33893666666667,-71.08851166666666,32.0,327951.73200263095,4689521.524271992,19,T
1695950847268077036,149,12727000000000,GPS1_Frame,42.338935,-71.088515,32.0,327951.45285083144,4689521.345946065,19,T
1695950848268055673,150,12728000000000,GPS1_Frame,42.33893333333333,-71.08851833333334,32.1,327951.1736990175,4689521.1676201485,19,T
1695950849266361797,151,12729000000000,GPS1_Frame,42.33893,-71.08852166666667,32.1,327950.89000155416,4689520.804223568,19,T
1695950850267878564,152,12730000000000,GPS1_Frame,42.338928333333335,-71.08852166666667,32.2,327950.88545591733,4689520.619152892,19,T
1695950851267989382,153,12731000000000,GPS1_Frame,42.33893,-71.08852,32.4,327951.0273046539,4689520.800851182,19,T
1695950852268141975,154,12732000000000,GPS1_Frame,42.338928333333335,-71.08852333333333,32.4,327950.7481528098,4689520.622525281,19,T
1695950853267914368,155,12733000000000,GPS1_Frame,42.338928333333335,-71.088525,32.4,327950.61084970215,4689520.625897674,19,T
1695950854268455737,156,12734000000000,GPS1_Frame,42.338928333333335,-71.08852666666667,32.4,327950.47354659665,4689520.629270067,19,T
1695950855268186643,157,12735000000000,GPS1_Frame,42.33893,-71.08852833333333,32.3,327950.3407891426,4689520.8177131405,19,T
1695950856288400572,158,12736000000000,GPS1_Frame,42.33893,-71.08853166666667,32.4,327950.06618293666,4689520.8244579425,19,T
1695950857268181373,159,12737000000000,GPS1_Frame,42.33893,-71.08853166666667,32.5,327950.06618293666,4689520.8244579425,19,T
1695950858267607309,160,12738000000000,GPS1_Frame,42.338926666666666,-71.08853333333333,32.6,327949.9197885103,4689520.457688997,19,T
1695950859268457333,161,12739000000000,GPS1_Frame,42.338926666666666,-71.088535,32.7,327949.78248539905,4689520.461061405,19,T
1695950860268513050,162,12740000000000,GPS1_Frame,42.338926666666666,-71.08853666666667,33.0,327949.64518228767,4689520.464433815,19,T
1695950861287454855,163,12741000000000,GPS1_Frame,42.338928333333335,-71.08854,33.2,327949.375121746,4689520.65624932,19,T
1695950862267587990,164,12742000000000,GPS1_Frame,42.338928333333335,-71.088545,33.2,327948.963212427,4689520.666366584,19,T
1695950863266439321,165,12743000000000,GPS1_Frame,42.33893,-71.08854833333334,33.2,327948.6931519064,4689520.8581821155,19,T
1695950864265752847,166,12744000000000,GPS1_Frame,42.338928333333335,-71.08855333333334,33.2,327948.2766968923,4689520.683228744,19,T
1695950865265972797,167,12745000000000,GPS1_Frame,42.338926666666666,-71.08855666666666,33.2,327947.9975449678,4689520.504902951,19,T
1695950866268194538,168,12746000000000,GPS1_Frame,42.338928333333335,-71.08855833333334,33.3,327947.864787573,4689520.693346073,19,T
1695950867288262329,169,12747000000000,GPS1_Frame,42.338926666666666,-71.08856,33.3,327947.7229387469,4689520.511647846,19,T
1695950868266415250,170,12748000000000,GPS1_Frame,42.338926666666666,-71.08856,33.2,327947.7229387469,4689520.511647846,19,T
1695950869282299624,171,12749000000000,GPS1_Frame,42.338928333333335,-71.08855833333334,33.3,327947.864787573,4689520.693346073,19,T
1695950870286350349,172,12750000000000,GPS1_Frame,42.338928333333335,-71.088555,33.2,327948.13939378655,4689520.686601184,19,T
1695950871286649536,173,12751000000000,GPS1_Frame,42.338928333333335,-71.08855333333334,33.1,327948.2766968923,4689520.683228744,19,T
1695950872285861667,174,12752000000000,GPS1_Frame,42.33893,-71.08855,33.0,327948.5558488065,4689520.861554548,19,T
1695950873266419630,175,12753000000000,GPS1_Frame,42.33893166666667,-71.088545,33.0,327948.9723038026,4689521.036507935,19,T
1695950874286702856,176,12754000000000,GPS1_Frame,42.33893166666667,-71.08854333333333,32.9,327949.10960690095,4689521.033135511,19,T
1695950875265380259,177,12755000000000,GPS1_Frame,42.33893166666667,-71.08854,32.9,327949.3842130998,4689521.026390671,19,T
1695950876286161419,178,12756000000000,GPS1_Frame,42.33893,-71.088535,32.8,327949.7915767308,4689520.831202756,19,T
1695950877286571642,179,12757000000000,GPS1_Frame,42.33893333333333,-71.08853,32.8,327950.21257734916,4689521.19122689,19,T
1695950878287161553,180,12758000000000,GPS1_Frame,42.33893666666667,-71.08852666666667,32.7,327950.49627483706,4689521.5546234455,19,T
1695950879289171955,181,12759000000000,GPS1_Frame,42.33893833333333,-71.08852166666667,32.7,327950.91272974084,4689521.729576945,19,T
1695950880268269948,182,12800000000000,GPS1_Frame,42.33894166666666,-71.08851833333334,32.6,327951.1964271694,4689522.092973526,19,T
1695950881288818141,183,12801000000000,GPS1_Frame,42.338945,-71.08851666666666,32.4,327951.3428215023,4689522.459742497,19,T
1695950882291004398,184,12802000000000,GPS1_Frame,42.33895166666667,-71.08851666666666,32.4,327951.3610040131,4689523.200025198,19,T
1695950883289443401,185,12803000000000,GPS1_Frame,42.33895166666667,-71.08851833333334,32.3,327951.22370095644,4689523.2033975795,19,T
1695950884268812612,186,12804000000000,GPS1_Frame,42.338953333333336,-71.08851666666666,32.1,327951.3655496412,4689523.385095875,19,T
1695950885268666771,187,12805000000000,GPS1_Frame,42.33895666666667,-71.088515,31.9,327951.5119439414,4689523.751864848,19,T
1695950886268514875,188,12806000000000,GPS1_Frame,42.33896,-71.088515,31.7,327951.52103519125,4689524.1220062,19,T
1695950887269284591,189,12807000000000,GPS1_Frame,42.338965,-71.08851166666666,31.6,327951.8092781203,4689524.67047348,19,T
1695950888290010877,190,12808000000000,GPS1_Frame,42.338968333333334,-71.08851,31.5,327951.9556723753,4689525.037242462,19,T
1695950889289181901,191,12809000000000,GPS1_Frame,42.338971666666666,-71.08850666666666,31.3,327952.2393696294,4689525.40063908,19,T
1695950890268501508,192,12810000000000,GPS1_Frame,42.338973333333335,-71.0885,31.2,327952.79312727065,4689525.572220323,19,T
1695950891268612986,193,12811000000000,GPS1_Frame,42.338973333333335,-71.08849166666667,30.8,327953.4796423088,4689525.5553585915,19,T
1695950892268181256,194,12812000000000,GPS1_Frame,42.338971666666666,-71.08848166666667,30.7,327954.29891480424,4689525.350053925,19,T
1695950893267488466,195,12813000000000,GPS1_Frame,42.33897,-71.08847666666666,30.6,327954.70627829805,4689525.154866292,19,T
1695950894266151815,196,12814000000000,GPS1_Frame,42.338965,-71.08847166666666,30.4,327955.104550749,4689524.589537331,19,T
1695950895265707292,197,12815000000000,GPS1_Frame,42.33896333333333,-71.08846166666666,30.2,327955.9238233947,4689524.384232859,19,T
1695950896266021840,198,12816000000000,GPS1_Frame,42.338965,-71.08845833333334,30.2,327956.20297495404,4689524.562558958,19,T
1695950897266481089,199,12817000000000,GPS1_Frame,42.338966666666664,-71.088455,30.0,327956.48212650314,4689524.740885068,19,T
1695950898267151040,200,12818000000000,GPS1_Frame,42.33897,-71.08845,29.9,327956.9031265378,4689525.100909591,19,T
1695950899268246947,201,12819000000000,GPS1_Frame,42.338973333333335,-71.088445,29.8,327957.3241265293,4689525.460934137,19,T
1695950900268166436,202,12820000000000,GPS1_Frame,42.338973333333335,-71.08844166666667,29.4,327957.5987325449,4689525.454189614,19,T
1695950901268388085,203,12821000000000,GPS1_Frame,42.33897666666667,-71.08844,29.2,327957.7451264777,4689525.820958707,19,T
1695950902269059853,204,12822000000000,GPS1_Frame,42.33898166666667,-71.08844,29.1,327957.7587628677,4689526.376170734,19,T
1695950903268641688,205,12823000000000,GPS1_Frame,42.33898666666666,-71.08843666666667,28.9,327958.0470052166,4689526.924638254,19,T
1695950904268224857,206,12824000000000,GPS1_Frame,42.33898833333333,-71.088435,28.6,327958.18885364744,4689527.10633668,19,T
1695950905269026896,207,12825000000000,GPS1_Frame,42.338995,-71.08843166666666,28.4,327958.4816413849,4689527.8398748925,19,T
1695950906268923735,208,12826000000000,GPS1_Frame,42.339,-71.08843166666666,28.2,327958.4952777253,4689528.395086924,19,T
1695950907288667951,209,12827000000000,GPS1_Frame,42.33900333333333,-71.08842833333334,28.1,327958.77897450223,4689528.7584837945,19,T
1695950908267678214,210,12828000000000,GPS1_Frame,42.33900833333333,-71.08842666666666,28.0,327958.9299137556,4689529.310323588,19,T
1695950909268281714,211,12829000000000,GPS1_Frame,42.339011666666664,-71.08842666666666,28.0,327958.9390046296,4689529.68046494,19,T
1695950910268933865,212,12830000000000,GPS1_Frame,42.339015,-71.08842666666666,27.9,327958.94809550425,4689530.050606294,19,T
1695950911268892332,213,12831000000000,GPS1_Frame,42.339015,-71.08843,27.7,327958.6734896683,4689530.05735077,19,T
1695950912289718923,214,12832000000000,GPS1_Frame,42.339016666666666,-71.08843,27.4,327958.67803511315,4689530.242421445,19,T
1695950913267985663,215,12833000000000,GPS1_Frame,42.339016666666666,-71.08843333333333,27.2,327958.4034292886,4689530.249165932,19,T
1695950914269229401,216,12834000000000,GPS1_Frame,42.339015,-71.08843333333333,27.3,327958.3988838366,4689530.064095256,19,T
1695950915268568587,217,12835000000000,GPS1_Frame,42.339011666666664,-71.08843166666666,27.4,327958.5270958581,4689529.690581657,19,T
1695950916269477257,218,12836000000000,GPS1_Frame,42.33900666666667,-71.08842833333334,27.5,327958.78806538275,4689529.128625147,19,T
1695950917266646864,219,12837000000000,GPS1_Frame,42.33900333333333,-71.08842833333334,27.6,327958.77897450223,4689528.7584837945,19,T
1695950918287430178,220,12838000000000,GPS1_Frame,42.33900166666667,-71.088425,27.7,327959.04903495417,4689528.566668649,19,T
1695950919282179000,221,12839000000000,GPS1_Frame,42.33899666666667,-71.088425,27.8,327959.03539865685,4689528.01145662,19,T
1695950920267174021,222,12840000000000,GPS1_Frame,42.338991666666665,-71.088425,27.9,327959.0217623609,4689527.456244593,19,T
1695950921287186823,223,12841000000000,GPS1_Frame,42.338985,-71.088425,27.8,327959.00358063495,4689526.715961888,19,T
1695950922286865171,224,12842000000000,GPS1_Frame,42.33898166666667,-71.08842333333334,28.0,327959.13179276127,4689526.342448307,19,T
1695950923287348007,225,12843000000000,GPS1_Frame,42.33897666666667,-71.088425,28.0,327958.98085348075,4689525.79060851,19,T
1695950924266493875,226,12844000000000,GPS1_Frame,42.338973333333335,-71.08842333333334,28.1,327959.1090656268,4689525.41709493,19,T
1695950925287289475,227,12845000000000,GPS1_Frame,42.33897,-71.08841833333334,28.0,327959.5118838177,4689525.036836904,19,T
1695950926266169032,228,12846000000000,GPS1_Frame,42.338966666666664,-71.08841333333334,28.0,327959.9147020525,4689524.656578902,19,T
1695950927286793601,229,12847000000000,GPS1_Frame,42.33896333333333,-71.08841166666667,28.1,327960.04291427496,4689524.2830653405,19,T
1695950928287376696,230,12848000000000,GPS1_Frame,42.33896,-71.08841333333334,28.1,327959.896520437,4689523.916296203,19,T
1695950929287981946,231,12849000000000,GPS1_Frame,42.33895666666667,-71.08841666666666,28.1,327959.61282354454,4689523.552899284,19,T
1695950930287087924,232,12850000000000,GPS1_Frame,42.338955,-71.08842,28.0,327959.33367203886,4689523.37457305,19,T
1695950931287684211,233,12851000000000,GPS1_Frame,42.33895666666667,-71.08841833333334,27.9,327959.4755204995,4689523.556271504,19,T
1695950932287466130,234,12852000000000,GPS1_Frame,42.33895666666667,-71.08842166666666,27.5,327959.2009144138,4689523.563015951,19,T
1695950933267213093,235,12853000000000,GPS1_Frame,42.338955,-71.08842666666666,27.2,327958.7844598506,4689523.388061966,19,T
1695950934287926078,236,12854000000000,GPS1_Frame,42.338955,-71.08843166666666,26.7,327958.3725507087,4689523.398178681,19,T
1695950935269678305,237,12855000000000,GPS1_Frame,42.33895666666667,-71.088435,26.3,327958.10249006166,4689523.589993847,19,T
1695950936267239394,238,12856000000000,GPS1_Frame,42.33896166666667,-71.08844,25.8,327957.7042173153,4689524.155322629,19,T
1695950937267632998,239,12857000000000,GPS1_Frame,42.33896166666667,-71.088445,25.3,327957.2923082166,4689524.165439409,19,T
1695950938267599860,240,12858000000000,GPS1_Frame,42.33896166666667,-71.088445,25.1,327957.2923082166,4689524.165439409,19,T
1695950939288070368,241,12859000000000,GPS1_Frame,42.33896333333333,-71.08844833333333,24.9,327957.02224763227,4689524.357254617,19,T
1695950940288843461,242,12900000000000,GPS1_Frame,42.338965,-71.08845166666667,24.8,327956.75218705833,4689524.549069838,19,T
1695950941267979988,243,12901000000000,GPS1_Frame,42.338965,-71.08845166666667,24.7,327956.75218705833,4689524.549069838,19,T
1695950942267561878,244,12902000000000,GPS1_Frame,42.338966666666664,-71.08844833333333,24.7,327957.0313385928,4689524.7273959685,19,T
1695950943266482106,245,12903000000000,GPS1_Frame,42.338966666666664,-71.08844833333333,24.6,327957.0313385928,4689524.7273959685,19,T
1695950944266310721,246,12904000000000,GPS1_Frame,42.338966666666664,-71.08844833333333,24.5,327957.0313385928,4689524.7273959685,19,T
1695950945258014099,247,12905000000000,GPS1_Frame,42.338968333333334,-71.08844833333333,24.3,327957.03588407335,4689524.912466644,19,T
1695950946258708364,248,12906000000000,GPS1_Frame,42.338971666666666,-71.08845166666667,24.2,327956.7703690096,4689525.289352539,19,T
1695950947257970885,249,12907000000000,GPS1_Frame,42.338971666666666,-71.08845166666667,24.0,327956.7703690096,4689525.289352539,19,T
1695950948258537135,250,12908000000000,GPS1_Frame,42.338971666666666,-71.08845666666667,23.9,327956.35845997604,4689525.299469376,19,T
1695950949258939086,251,12909000000000,GPS1_Frame,42.338973333333335,-71.08846,23.7,327956.08839946135,4689525.491284624,19,T
1695950950258491073,252,12910000000000,GPS1_Frame,42.33897833333333,-71.088465,23.5,327955.69012698904,4689526.056613528,19,T
1695950951261003611,253,12911000000000,GPS1_Frame,42.33897833333333,-71.08846833333334,23.4,327955.41552099475,4689526.063358127,19,T
1695950952261064715,254,12912000000000,GPS1_Frame,42.33898666666666,-71.088465,23.2,327955.71285457956,4689526.981966909,19,T
1695950953261778891,255,12913000000000,GPS1_Frame,42.33899,-71.08846666666666,23.1,327955.58464264625,4689527.35548056,19,T
1695950954264996020,256,12914000000000,GPS1_Frame,42.338991666666665,-71.08847,22.8,327955.3145822325,4689527.54729584,19,T
1695950955264472120,257,12915000000000,GPS1_Frame,42.338993333333335,-71.08847,22.7,327955.31912776246,4689527.732366517,19,T
1695950956264313105,258,12916000000000,GPS1_Frame,42.33899666666667,-71.08847,22.6,327955.32821882266,4689528.102507871,19,T
1695950957266913705,259,12917000000000,GPS1_Frame,42.338998333333336,-71.08847,22.4,327955.332764353,4689528.287578547,19,T
1695950958282404259,260,12918000000000,GPS1_Frame,42.339,-71.08847,22.3,327955.3373098835,4689528.472649223,19,T
1695950959269140276,261,12919000000000,GPS1_Frame,42.339,-71.08847166666666,22.1,327955.2000069346,4689528.476021529,19,T
1695950960269521727,262,12920000000000,GPS1_Frame,42.33900166666667,-71.08847666666666,21.9,327954.7926436309,4689528.671209142,19,T
1695950961269408749,263,12921000000000,GPS1_Frame,42.339,-71.08847833333333,21.8,327954.6507951347,4689528.489510782,19,T
1695950962289783166,264,12922000000000,GPS1_Frame,42.339,-71.08848166666667,21.6,327954.37618923467,4689528.496255424,19,T
1695950963269339352,265,12923000000000,GPS1_Frame,42.33900166666667,-71.08848333333333,21.5,327954.24343184533,4689528.684698427,19,T
1695950964270111827,266,12924000000000,GPS1_Frame,42.339,-71.08848333333333,21.4,327954.23888628563,4689528.499627749,19,T
1695950965270134262,267,12925000000000,GPS1_Frame,42.33900166666667,-71.08848333333333,21.3,327954.24343184533,4689528.684698427,19,T
1695950966269962359,268,12926000000000,GPS1_Frame,42.33900333333333,-71.08848333333333,21.2,327954.2479774051,4689528.869769103,19,T
1695950967269373117,269,12927000000000,GPS1_Frame,42.33900666666667,-71.088485,21.0,327954.11976558866,4689529.243282784,19,T
1695950968289371320,270,12928000000000,GPS1_Frame,42.33900833333333,-71.088485,20.8,327954.1243111525,4689529.428353461,19,T
1695950969266255765,271,12929000000000,GPS1_Frame,42.33900833333333,-71.08848833333333,20.5,327953.84970529075,4689529.435098125,19,T
1695950970279148386,272,12930000000000,GPS1_Frame,42.33901,-71.08849,20.3,327953.7169479327,4689529.623541138,19,T
1695950971279159509,273,12931000000000,GPS1_Frame,42.339011666666664,-71.08849,20.1,327953.7214935078,4689529.808611815,19,T
1695950972264929122,274,12932000000000,GPS1_Frame,42.339011666666664,-71.08849,20.0,327953.7214935078,4689529.808611815,19,T
1695950973280814211,275,12933000000000,GPS1_Frame,42.33901,-71.08848833333333,19.9,327953.8542508621,4689529.620168802,19,T
1695950974281367841,276,12934000000000,GPS1_Frame,42.33901,-71.08848166666667,20.0,327954.4034625731,4689529.606679485,19,T
1695950975264781700,277,12935000000000,GPS1_Frame,42.33901,-71.08848,20.2,327954.5407655003,4689529.603307162,19,T
1695950976282261780,278,12936000000000,GPS1_Frame,42.33901,-71.08847666666666,20.3,327954.8153713588,4689529.596562525,19,T
1695950977288250613,279,12937000000000,GPS1_Frame,42.33901,-71.088475,20.4,327954.9526742839,4689529.593190212,19,T
1695950978269683033,280,12938000000000,GPS1_Frame,42.33901,-71.08847166666666,20.5,327955.22728014237,4689529.5864455905,19,T
1695950979290005176,281,12939000000000,GPS1_Frame,42.33900833333333,-71.08847166666666,20.6,327955.22273460735,4689529.401374914,19,T
1695950980291078395,282,12940000000000,GPS1_Frame,42.33900666666667,-71.08847166666666,20.8,327955.2181890725,4689529.216304236,19,T
1695950981290551492,283,12941000000000,GPS1_Frame,42.33900833333333,-71.08847166666666,21.0,327955.22273460735,4689529.401374914,19,T
1695950982289640079,284,12942000000000,GPS1_Frame,42.33900666666667,-71.08847,21.2,327955.3554920069,4689529.21293193,19,T
1695950983292332366,285,12943000000000,GPS1_Frame,42.339005,-71.08847,21.4,327955.3509464758,4689529.027861253,19,T
1695950984290369029,286,12944000000000,GPS1_Frame,42.33900333333333,-71.08847,21.7,327955.34640094487,4689528.842790577,19,T
1695950985269857937,287,12945000000000,GPS1_Frame,42.33900166666667,-71.08847,21.8,327955.3418554141,4689528.6577199,19,T
1695950986270038838,288,12946000000000,GPS1_Frame,42.339,-71.08847,21.9,327955.3373098835,4689528.472649223,19,T
1695950987270096313,289,12947000000000,GPS1_Frame,42.338998333333336,-71.08847,22.1,327955.332764353,4689528.287578547,19,T
1695950988269499034,290,12948000000000,GPS1_Frame,42.338998333333336,-71.08847,22.3,327955.332764353,4689528.287578547,19,T
1695950989270696832,291,12949000000000,GPS1_Frame,42.338998333333336,-71.08846833333334,22.4,327955.4700673055,4689528.284206243,19,T
1695950990291356724,292,12950000000000,GPS1_Frame,42.338998333333336,-71.08846666666666,22.5,327955.6073702601,4689528.280833943,19,T
1695950991291044439,293,12951000000000,GPS1_Frame,42.33899666666667,-71.08846666666666,22.6,327955.602824737,4689528.095763266,19,T
1695950992271191529,294,12952000000000,GPS1_Frame,42.338995,-71.088465,22.7,327955.7355821738,4689527.90732029,19,T
1695950993270382367,295,12953000000000,GPS1_Frame,42.338993333333335,-71.088465,22.9,327955.73103665473,4689527.722249615,19,T
1695950994270430059,296,12954000000000,GPS1_Frame,42.338991666666665,-71.08846333333334,23.0,327955.8637941027,4689527.533806643,19,T
1695950995269608121,297,12955000000000,GPS1_Frame,42.33899,-71.088465,23.0,327955.7219456169,4689527.3521082625,19,T
1695950996270123483,298,12956000000000,GPS1_Frame,42.33898833333333,-71.08846666666666,23.3,327955.58009712386,4689527.170409883,19,T
1695950997269789778,299,12957000000000,GPS1_Frame,42.33898833333333,-71.088465,23.4,327955.71740009816,4689527.167037585,19,T
1695950998270592235,300,12958000000000,GPS1_Frame,42.33898833333333,-71.088465,23.5,327955.71740009816,4689527.167037585,19,T
1695950999268350359,301,12959000000000,GPS1_Frame,42.33898833333333,-71.088465,23.4,327955.71740009816,4689527.167037585,19,T
1695951000266193008,302,13000000000000,GPS1_Frame,42.338991666666665,-71.08846166666666,23.2,327956.0010970718,4689527.5304343505,19,T
1695951001268706049,303,13001000000000,GPS1_Frame,42.339005,-71.08845833333334,22.7,327956.31206704566,4689529.004255185,19,T
1695951002268752688,304,13002000000000,GPS1_Frame,42.339013333333334,-71.08845166666667,22.4,327956.88400625845,4689529.916119446,19,T
1695951003268255481,305,13003000000000,GPS1_Frame,42.33902,-71.08844833333333,21.9,327957.1767940412,4689530.649657607,19,T
1695951004268942814,306,13004000000000,GPS1_Frame,42.33902666666667,-71.08844666666667,21.2,327957.33227887127,4689531.386568047,19,T
1695951005267163672,307,13005000000000,GPS1_Frame,42.33903,-71.08844333333333,20.8,327957.61597560655,4689531.7499648705,19,T
1695951006264923041,308,13006000000000,GPS1_Frame,42.33903166666666,-71.08844333333333,20.4,327957.6205210816,4689531.935035548,19,T
1695951007266078379,309,13007000000000,GPS1_Frame,42.33902833333333,-71.088445,20.3,327957.47412724246,4689531.568266458,19,T
1695951008282409249,310,13008000000000,GPS1_Frame,42.33902833333333,-71.08844333333333,20.1,327957.6114301315,4689531.564894194,19,T
1695951009264472634,311,13009000000000,GPS1_Frame,42.33903,-71.08844166666667,20.1,327957.7532784898,4689531.74659261,19,T
1695951010265858527,312,13010000000000,GPS1_Frame,42.33903,-71.08844166666667,20.0,327957.7532784898,4689531.74659261,19,T
1695951011267672412,313,13011000000000,GPS1_Frame,42.33902833333333,-71.08844,20.1,327957.88603590534,4689531.558149675,19,T
1695951012288308868,314,13012000000000,GPS1_Frame,42.33902666666667,-71.08843833333333,20.1,327958.0187933304,4689531.369706743,19,T
1695951013268778670,315,13013000000000,GPS1_Frame,42.33902166666667,-71.08844,20.3,327957.8678540358,4689530.817866966,19,T
1695951014267714326,316,13014000000000,GPS1_Frame,42.33902,-71.08843833333333,20.4,327958.00061147596,4689530.629424036,19,T
1695951015269087192,317,13015000000000,GPS1_Frame,42.339011666666664,-71.08844,20.5,327957.8405812359,4689529.707442906,19,T
1695951016269927555,318,13016000000000,GPS1_Frame,42.33900833333333,-71.08844333333333,20.5,327957.5568844428,4689529.344046072,19,T
1695951017269467558,319,13017000000000,GPS1_Frame,42.33900666666667,-71.08844666666667,20.5,327957.27773309714,4689529.1657199245,19,T
1695951018269581036,320,13018000000000,GPS1_Frame,42.33900666666667,-71.08844666666667,20.5,327957.27773309714,4689529.1657199245,19,T
1695951019290154511,321,13019000000000,GPS1_Frame,42.33900666666667,-71.08844833333333,20.6,327957.14043016505,4689529.169092193,19,T
1695951020291491933,322,13020000000000,GPS1_Frame,42.33900333333333,-71.08845166666667,20.6,327956.8567333104,4689528.805695386,19,T
1695951021290578706,323,13021000000000,GPS1_Frame,42.339,-71.088455,20.6,327956.57303643133,4689528.442298588,19,T
1695951022270025433,324,13022000000000,GPS1_Frame,42.33899666666667,-71.08846,20.5,327956.1520365656,4689528.082274089,19,T
1695951023269836050,325,13023000000000,GPS1_Frame,42.338995,-71.08846333333334,20.5,327955.8728851336,4689527.903947995,19,T
1695951024270150484,326,13024000000000,GPS1_Frame,42.338995,-71.08846666666666,20.6,327955.5982792141,4689527.910692588,19,T
1695951025290463174,327,13025000000000,GPS1_Frame,42.338995,-71.08846833333334,20.6,327955.4609762522,4689527.914064889,19,T
1695951026290109706,328,13026000000000,GPS1_Frame,42.338998333333336,-71.08846833333334,20.8,327955.4700673055,4689528.284206243,19,T
1695951027290006703,329,13027000000000,GPS1_Frame,42.33900333333333,-71.08846666666666,20.6,327955.6210068302,4689528.836045972,19,T
1695951028269361987,330,13028000000000,GPS1_Frame,42.339005,-71.08846666666666,20.7,327955.6255523539,4689529.021116649,19,T
1695951029291145908,331,13029000000000,GPS1_Frame,42.339005,-71.08846833333334,20.7,327955.4882494138,4689529.02448895,19,T
1695951030291067673,332,13030000000000,GPS1_Frame,42.339005,-71.08846833333334,20.7,327955.4882494138,4689529.02448895,19,T
1695951031291464686,333,13031000000000,GPS1_Frame,42.339005,-71.08846833333334,20.7,327955.4882494138,4689529.02448895,19,T
1695951032289553367,334,13032000000000,GPS1_Frame,42.339005,-71.08846833333334,20.7,327955.4882494138,4689529.02448895,19,T
1695951033289185584,335,13033000000000,GPS1_Frame,42.339005,-71.08846833333334,20.8,327955.4882494138,4689529.02448895,19,T
1695951034268393496,336,13034000000000,GPS1_Frame,42.339005,-71.08846833333334,20.8,327955.4882494138,4689529.02448895,19,T
1695951035289419348,337,13035000000000,GPS1_Frame,42.339005,-71.08846833333334,20.8,327955.4882494138,4689529.02448895,19,T
1695951036282358206,338,13036000000000,GPS1_Frame,42.339005,-71.08846833333334,20.8,327955.4882494138,4689529.02448895,19,T
1695951037269364573,339,13037000000000,GPS1_Frame,42.339005,-71.08846833333334,20.8,327955.4882494138,4689529.02448895,19,T
1695951038268768685,340,13038000000000,GPS1_Frame,42.339005,-71.08846833333334,20.8,327955.4882494138,4689529.02448895,19,T
1695951039268027271,341,13039000000000,GPS1_Frame,42.339005,-71.08846833333334,20.8,327955.4882494138,4689529.02448895,19,T
1695951040266346256,342,13040000000000,GPS1_Frame,42.339005,-71.08846833333334,20.8,327955.4882494138,4689529.02448895,19,T
1695951041282684378,343,13041000000000,GPS1_Frame,42.339005,-71.08846833333334,20.8,327955.4882494138,4689529.02448895,19,T
1695951042283011853,344,13042000000000,GPS1_Frame,42.339005,-71.08846833333334,20.8,327955.4882494138,4689529.02448895,19,T
1695951043269031696,345,13043000000000,GPS1_Frame,42.339005,-71.08846833333334,20.8,327955.4882494138,4689529.02448895,19,T
1695951044268763947,346,13044000000000,GPS1_Frame,42.33900166666667,-71.08847,20.4,327955.3418554141,4689528.6577199,19,T
1695951045268024538,347,13045000000000,GPS1_Frame,42.33900166666667,-71.08847,20.0,327955.3418554141,4689528.6577199,19,T
1695951046268518137,348,13046000000000,GPS1_Frame,42.339,-71.08847166666666,20.0,327955.2000069346,4689528.476021529,19,T
1695951047267772369,349,13047000000000,GPS1_Frame,42.338995,-71.08847333333334,19.4,327955.04906737077,4689527.924181808,19,T
1695951048266093583,350,13048000000000,GPS1_Frame,42.338993333333335,-71.08847333333334,19.3,327955.0445218335,4689527.739111132,19,T
1695951049267952851,351,13049000000000,GPS1_Frame,42.338993333333335,-71.08847333333334,19.2,327955.0445218335,4689527.739111132,19,T
1695951050268779291,352,13050000000000,GPS1_Frame,42.338993333333335,-71.08847166666666,19.0,327955.18182479904,4689527.735738823,19,T
1695951051268579581,353,13051000000000,GPS1_Frame,42.33899,-71.08847166666666,18.6,327955.17273373215,4689527.365597471,19,T
1695951052269015791,354,13052000000000,GPS1_Frame,42.33898833333333,-71.08847333333334,18.0,327955.0308852225,4689527.183899102,19,T
1695951053268801354,355,13053000000000,GPS1_Frame,42.33899,-71.08847166666666,17.6,327955.17273373215,4689527.365597471,19,T
1695951054268803293,356,13054000000000,GPS1_Frame,42.33898833333333,-71.08847166666666,17.4,327955.1681881989,4689527.180526793,19,T
1695951055269486195,357,13055000000000,GPS1_Frame,42.338991666666665,-71.08847,17.3,327955.3145822325,4689527.54729584,19,T
1695951056267820602,358,13056000000000,GPS1_Frame,42.338995,-71.08846833333334,17.0,327955.4609762522,4689527.914064889,19,T
1695951057268771745,359,13057000000000,GPS1_Frame,42.339,-71.088465,16.9,327955.74921873224,4689528.46253232,19,T
1695951058289871133,360,13058000000000,GPS1_Frame,42.339005,-71.08846,16.8,327956.1747641099,4689529.007627472,19,T
1695951059267585268,361,13059000000000,GPS1_Frame,42.339013333333334,-71.088455,16.8,327956.609400419,4689529.922864002,19,T
1695951060270318997,362,13100000000000,GPS1_Frame,42.339016666666666,-71.08845166666667,16.9,327956.8930972422,4689530.286260799,19,T
1695951061271254150,363,13101000000000,GPS1_Frame,42.33902,-71.08844833333333,17.0,327957.1767940412,4689530.649657607,19,T
1695951062270076415,364,13102000000000,GPS1_Frame,42.33902333333333,-71.088445,17.2,327957.4604908074,4689531.013054425,19,T
1695951063291126040,365,13103000000000,GPS1_Frame,42.33902666666667,-71.08843833333333,17.6,327958.0187933304,4689531.369706743,19,T
1695951064270064604,366,13104000000000,GPS1_Frame,42.33903166666666,-71.08843166666666,17.7,327958.58164124534,4689531.911429779,19,T
1695951065270330984,367,13105000000000,GPS1_Frame,42.33903333333333,-71.08842833333334,17.8,327958.8607924471,4689532.089755974,19,T
1695951066270482377,368,13106000000000,GPS1_Frame,42.339036666666665,-71.088425,18.1,327959.1444890722,4689532.453152857,19,T
1695951067272259108,369,13107000000000,GPS1_Frame,42.339036666666665,-71.088425,18.4,327959.1444890722,4689532.453152857,19,T
1695951068271717411,370,13108000000000,GPS1_Frame,42.339038333333335,-71.08842166666666,18.8,327959.42364024004,4689532.631479076,19,T
1695951069270289192,371,13109000000000,GPS1_Frame,42.339038333333335,-71.08842,19.3,327959.560943105,4689532.628106851,19,T
1695951070291424810,372,13110000000000,GPS1_Frame,42.339036666666665,-71.08842,19.6,327959.55639768013,4689532.443036172,19,T
1695951071291913207,373,13111000000000,GPS1_Frame,42.339035,-71.08841833333334,19.9,327959.6891551276,4689532.254593274,19,T
1695951072291125923,374,13112000000000,GPS1_Frame,42.339038333333335,-71.08841333333334,20.2,327960.1101545669,4689532.6146179745,19,T
1695951073271520786,375,13113000000000,GPS1_Frame,42.339035,-71.08841333333334,20.4,327960.10106374626,4689532.244476621,19,T
1695951074271447482,376,13114000000000,GPS1_Frame,42.33903333333333,-71.08841333333334,20.6,327960.0965183362,4689532.059405942,19,T
1695951075270934578,377,13115000000000,GPS1_Frame,42.33903166666666,-71.08841333333334,20.8,327960.0919729262,4689531.874335266,19,T
1695951076290996930,378,13116000000000,GPS1_Frame,42.33903,-71.08841166666667,21.1,327960.22473040165,4689531.685892376,19,T
1695951077291608750,379,13117000000000,GPS1_Frame,42.33902666666667,-71.08841333333334,21.4,327960.0783366973,4689531.3191232355,19,T
1695951078292173809,380,13118000000000,GPS1_Frame,42.339025,-71.08841333333334,21.5,327960.0737912879,4689531.134052559,19,T
1695951079281379890,381,13119000000000,GPS1_Frame,42.339025,-71.08841166666667,22.0,327960.21109418396,4689531.130680346,19,T
1695951080291822181,382,13120000000000,GPS1_Frame,42.33902333333333,-71.08841166666667,22.2,327960.20654877834,4689530.945609669,19,T
1695951081292682010,383,13121000000000,GPS1_Frame,42.33902166666667,-71.08841,22.7,327960.3393062763,4689530.757166782,19,T
1695951082293137237,384,13122000000000,GPS1_Frame,42.33902166666667,-71.08840833333333,23.2,327960.4766091775,4689530.753794576,19,T
1695951083292820005,385,13123000000000,GPS1_Frame,42.339018333333335,-71.08840666666667,23.6,327960.60482129,4689530.38028102,19,T
1695951084292710049,386,13124000000000,GPS1_Frame,42.339016666666666,-71.08840666666667,23.9,327960.6002758959,4689530.195210343,19,T
1695951085271415087,387,13125000000000,GPS1_Frame,42.339015,-71.088405,24.3,327960.7330334197,4689530.006767466,19,T
1695951086291608226,388,13126000000000,GPS1_Frame,42.339016666666666,-71.08840166666667,24.8,327961.0121846341,4689530.1850937465,19,T
1695951087291987627,389,13127000000000,GPS1_Frame,42.33902,-71.08839833333333,25.3,327961.2958812143,4689530.548490717,19,T
1695951088269283558,390,13128000000000,GPS1_Frame,42.33902,-71.08839833333333,25.8,327961.2958812143,4689530.548490717,19,T
1695951089270078177,391,13129000000000,GPS1_Frame,42.33902,-71.08839833333333,26.0,327961.2958812143,4689530.548490717,19,T
1695951090271919573,392,13130000000000,GPS1_Frame,42.33902166666667,-71.08839666666667,26.6,327961.4377294917,4689530.730189203,19,T
1695951091272287151,393,13131000000000,GPS1_Frame,42.33902166666667,-71.08839333333333,27.2,327961.712335296,4689530.723444835,19,T
1695951092291633986,394,13132000000000,GPS1_Frame,42.33902333333333,-71.08839166666667,27.6,327961.8541835588,4689530.905143332,19,T
1695951093292294796,395,13133000000000,GPS1_Frame,42.33902166666667,-71.08839166666667,28.0,327961.849638197,4689530.720072656,19,T
1695951094271460815,396,13134000000000,GPS1_Frame,42.33902166666667,-71.08839166666667,28.3,327961.849638197,4689530.720072656,19,T
1695951095271336167,397,13135000000000,GPS1_Frame,42.339025,-71.08839166666667,28.6,327961.85872892075,4689531.090214009,19,T
1695951096270637528,398,13136000000000,GPS1_Frame,42.339025,-71.08839166666667,28.8,327961.85872892075,4689531.090214009,19,T
1695951097271630287,399,13137000000000,GPS1_Frame,42.33902666666667,-71.08839333333333,29.0,327961.7259713928,4689531.278656866,19,T
1695951098271275674,400,13138000000000,GPS1_Frame,42.33902666666667,-71.08839333333333,29.2,327961.7259713928,4689531.278656866,19,T
1695951099268072219,401,13139000000000,GPS1_Frame,42.33903,-71.088395,29.5,327961.59775923984,4689531.652170401,19,T
1695951100268752177,402,13140000000000,GPS1_Frame,42.33903166666666,-71.08839333333333,29.9,327961.739607491,4689531.833868896,19,T
1695951101269119212,403,13141000000000,GPS1_Frame,42.33903166666666,-71.08839166666667,30.2,327961.8769103703,4689531.830496715,19,T
1695951102269111910,404,13142000000000,GPS1_Frame,42.33903166666666,-71.08839,30.4,327962.0142132495,4689531.827124539,19,T
1695951103269759740,405,13143000000000,GPS1_Frame,42.33903333333333,-71.08838833333333,30.8,327962.15606148634,4689532.00882304,19,T
1695951104269518580,406,13144000000000,GPS1_Frame,42.33903333333333,-71.08838833333333,31.0,327962.15606148634,4689532.00882304,19,T
1695951105269108778,407,13145000000000,GPS1_Frame,42.33903,-71.08839166666667,31.5,327961.87236500776,4689531.645426039,19,T
1695951106269054586,408,13146000000000,GPS1_Frame,42.33902666666667,-71.08839333333333,31.8,327961.7259713928,4689531.278656866,19,T
1695951107269055626,409,13147000000000,GPS1_Frame,42.339025,-71.08839666666667,32.2,327961.44682023727,4689531.100330557,19,T
1695951108269100647,410,13148000000000,GPS1_Frame,42.339025,-71.08839833333333,32.3,327961.30951734347,4689531.1037027445,19,T
1695951109289503187,411,13149000000000,GPS1_Frame,42.33902333333333,-71.08839833333333,32.5,327961.30497196695,4689530.918632068,19,T
1695951110271186628,412,13150000000000,GPS1_Frame,42.339025,-71.0884,32.7,327961.1722144475,4689531.107074935,19,T
1695951111271257056,413,13151000000000,GPS1_Frame,42.339025,-71.088405,32.9,327960.7603057638,4689531.117191524,19,T
1695951112271349698,414,13152000000000,GPS1_Frame,42.33902333333333,-71.08840833333333,33.3,327960.4811545756,4689530.938865253,19,T
1695951113271591891,415,13153000000000,GPS1_Frame,42.33902333333333,-71.08840833333333,33.5,327960.4811545756,4689530.938865253,19,T
1695951114291450572,416,13154000000000,GPS1_Frame,42.33902,-71.08841166666667,33.8,327960.1974579677,4689530.575468317,19,T
1695951115271115343,417,13155000000000,GPS1_Frame,42.339018333333335,-71.08841333333334,34.1,327960.05560965196,4689530.393769853,19,T
1695951116271323869,418,13156000000000,GPS1_Frame,42.339018333333335,-71.08841666666666,34.3,327959.78100383497,4689530.400514285,19,T
1695951117271339443,419,13157000000000,GPS1_Frame,42.339013333333334,-71.08842,34.5,327959.4927617468,4689529.852046699,19,T
1695951118271086487,420,13158000000000,GPS1_Frame,42.33900833333333,-71.08842333333334,34.5,327959.2045196163,4689529.303579123,19,T
1695951119271141697,421,13159000000000,GPS1_Frame,42.339005,-71.088425,34.5,327959.05812581984,4689528.936810002,19,T
1695951120270699142,422,13200000000000,GPS1_Frame,42.339,-71.08842666666666,34.4,327958.9071865731,4689528.384970206,19,T
1695951121291340033,423,13201000000000,GPS1_Frame,42.338993333333335,-71.08843,34.5,327958.6143988993,4689527.651431977,19,T
1695951122291529034,424,13202000000000,GPS1_Frame,42.33898833333333,-71.08843666666667,34.6,327958.05155067344,4689527.10970893,19,T
1695951123291218151,425,13203000000000,GPS1_Frame,42.33898,-71.08844333333333,34.6,327957.4796114197,4689526.197844577,19,T
1695951124271176091,426,13204000000000,GPS1_Frame,42.338971666666666,-71.08845,34.7,327956.90767202224,4689525.285980266,19,T
1695951125271078566,427,13205000000000,GPS1_Frame,42.33896166666667,-71.08845666666667,34.8,327956.33118698455,4689524.189045324,19,T
1695951126270111913,428,13206000000000,GPS1_Frame,42.338953333333336,-71.08846166666666,34.9,327955.8965503422,4689523.273808808,19,T
1695951127291954243,429,13207000000000,GPS1_Frame,42.33895,-71.088465,35.0,327955.6128532083,4689522.910412043,19,T
1695951128290644266,430,13208000000000,GPS1_Frame,42.33894333333333,-71.08847166666666,35.1,327955.0454588569,4689522.183618549,19,T
1695951129269924573,431,13209000000000,GPS1_Frame,42.33893833333333,-71.08847833333333,35.1,327954.4826099326,4689521.641895775,19,T
1695951130290869115,432,13210000000000,GPS1_Frame,42.33893333333333,-71.08848666666667,35.1,327953.782457828,4689521.103545371,19,T
1695951131290225550,433,13211000000000,GPS1_Frame,42.338928333333335,-71.08849166666667,35.1,327953.35691182583,4689520.5584503515,19,T
1695951132291940234,434,13212000000000,GPS1_Frame,42.338923333333334,-71.088495,34.9,327953.06866887986,4689520.0099830115,19,T
1695951133292592030,435,13213000000000,GPS1_Frame,42.33891666666667,-71.08850166666667,34.9,327952.501274041,4689519.283189712,19,T
1695951134292227793,436,13214000000000,GPS1_Frame,42.33891166666667,-71.08850666666666,34.8,327952.075727838,4689518.738094766,19,T
1695951135291241970,437,13215000000000,GPS1_Frame,42.33891,-71.08850833333334,34.6,327951.93387908797,4689518.556396455,19,T
1695951136271524879,438,13216000000000,GPS1_Frame,42.338908333333336,-71.08851,34.5,327951.79203033296,4689518.374698148,19,T
1695951137292039312,439,13217000000000,GPS1_Frame,42.338908333333336,-71.08850833333334,34.5,327951.9293334819,4689518.371325782,19,T
1695951138292710619,440,13218000000000,GPS1_Frame,42.33890666666667,-71.08851,34.5,327951.7874847234,4689518.189627473,19,T
1695951139271915671,441,13219000000000,GPS1_Frame,42.33890666666667,-71.08851,34.5,327951.7874847234,4689518.189627473,19,T
1695951140271963904,442,13220000000000,GPS1_Frame,42.33890666666667,-71.08851,34.4,327951.7874847234,4689518.189627473,19,T
1695951141271398140,443,13221000000000,GPS1_Frame,42.338908333333336,-71.08850833333334,34.2,327951.9293334819,4689518.371325782,19,T
1695951142271732303,444,13222000000000,GPS1_Frame,42.338908333333336,-71.08850666666666,33.8,327952.0666366329,4689518.367953417,19,T
1695951143292322180,445,13223000000000,GPS1_Frame,42.338908333333336,-71.08850833333334,33.3,327951.9293334819,4689518.371325782,19,T
1695951144291844130,446,13224000000000,GPS1_Frame,42.338905,-71.08851333333334,32.8,327951.5083327994,4689518.011301542,19,T
1695951145272060215,447,13225000000000,GPS1_Frame,42.3389,-71.088515,32.3,327951.35739278304,4689517.459461894,19,T
1695951146272980926,448,13226000000000,GPS1_Frame,42.33889833333333,-71.08851666666666,32.0,327951.21554399247,4689517.277763597,19,T
1695951147270403789,449,13227000000000,GPS1_Frame,42.33889666666666,-71.08851833333334,31.8,327951.0736951928,4689517.096065303,19,T
1695951148270713844,450,13228000000000,GPS1_Frame,42.33889333333333,-71.08852333333333,31.4,327950.6526943923,4689516.736041112,19,T
1695951149271297504,451,13229000000000,GPS1_Frame,42.33889166666667,-71.08852333333333,31.0,327950.64814875496,4689516.550970438,19,T
1695951150271379291,452,13230000000000,GPS1_Frame,42.33889166666667,-71.08852333333333,30.6,327950.64814875496,4689516.550970438,19,T
1695951151271638899,453,13231000000000,GPS1_Frame,42.33889,-71.088525,30.1,327950.5062999267,4689516.369272155,19,T
1695951152271199379,454,13232000000000,GPS1_Frame,42.33889166666667,-71.088525,29.6,327950.51084556757,4689516.55434283,19,T
1695951153271733755,455,13233000000000,GPS1_Frame,42.3389,-71.08852,29.2,327950.9454832774,4689517.469579035,19,T
1695951154272177901,456,13234000000000,GPS1_Frame,42.33890666666667,-71.08851833333334,28.5,327951.10096895613,4689518.20648935,19,T
1695951155271725115,457,13235000000000,GPS1_Frame,42.33891166666667,-71.088515,27.8,327951.38921212533,4689518.754956615,19,T
1695951156269936294,458,13236000000000,GPS1_Frame,42.33891666666667,-71.08851166666666,27.6,327951.67745525227,4689519.303423892,19,T
1695951157269994186,459,13237000000000,GPS1_Frame,42.33892,-71.08850666666666,27.3,327952.0984558532,4689519.66344814,19,T
1695951158269648437,460,13238000000000,GPS1_Frame,42.338925,-71.08850166666667,27.0,327952.52400200395,4689520.208543085,19,T
1695951159269667284,461,13239000000000,GPS1_Frame,42.33893,-71.08850166666667,26.6,327952.53763878345,4689520.76375511,19,T
1695951160289081843,462,13240000000000,GPS1_Frame,42.33893833333333,-71.08849666666667,26.1,327952.97227600485,4689521.678991432,19,T
1695951161270748954,463,13241000000000,GPS1_Frame,42.33894333333333,-71.088495,25.7,327953.1232158299,4689522.230831112,19,T
1695951162269725909,464,13242000000000,GPS1_Frame,42.338953333333336,-71.08849166666667,25.4,327953.4250954143,4689523.334510481,19,T
1695951163273416473,465,13243000000000,GPS1_Frame,42.33896,-71.08849,24.9,327953.5805807484,4689524.071420846,19,T
1695951164272519680,466,13244000000000,GPS1_Frame,42.338965,-71.08848666666667,24.9,327953.8688235136,4689524.619888204,19,T
1695951165292694947,467,13245000000000,GPS1_Frame,42.338966666666664,-71.08848833333333,24.8,327953.73606605583,4689524.808331213,19,T
1695951166271915893,468,13246000000000,GPS1_Frame,42.33897,-71.08848833333333,25.0,327953.7451571913,4689525.1784725655,19,T
1695951167272024071,469,13247000000000,GPS1_Frame,42.338971666666666,-71.088485,25.0,327954.0243087807,4689525.356798578,19,T
1695951168272256494,470,13248000000000,GPS1_Frame,42.338971666666666,-71.08848333333333,25.0,327954.16161179356,4689525.353426251,19,T
1695951169273444696,471,13249000000000,GPS1_Frame,42.338971666666666,-71.08848166666667,25.1,327954.29891480424,4689525.350053925,19,T
1695951170272517597,472,13250000000000,GPS1_Frame,42.338971666666666,-71.08848333333333,25.4,327954.16161179356,4689525.353426251,19,T
1695951171292970302,473,13251000000000,GPS1_Frame,42.338971666666666,-71.08848333333333,25.5,327954.16161179356,4689525.353426251,19,T
1695951172293045689,474,13252000000000,GPS1_Frame,42.338973333333335,-71.08848166666667,25.3,327954.3034603578,4689525.535124602,19,T
1695951173293049862,475,13253000000000,GPS1_Frame,42.338973333333335,-71.08848,25.0,327954.4407633649,4689525.53175228,19,T
1695951174273239795,476,13254000000000,GPS1_Frame,42.338971666666666,-71.08847833333333,25.0,327954.5735208278,4689525.343309284,19,T
1695951175272167719,477,13255000000000,GPS1_Frame,42.338973333333335,-71.08847333333334,25.0,327954.9899753973,4689525.518263018,19,T
1695951176272652557,478,13256000000000,GPS1_Frame,42.338973333333335,-71.08847,25.0,327955.26458141336,4689525.511518403,19,T
1695951177292680992,479,13257000000000,GPS1_Frame,42.338971666666666,-71.08847,25.1,327955.26003588527,4689525.326447726,19,T
1695951178272507219,480,13258000000000,GPS1_Frame,42.33897,-71.08847166666666,25.2,327955.118187343,4689525.144749358,19,T
1695951179292913471,481,13259000000000,GPS1_Frame,42.338966666666664,-71.08847166666666,25.2,327955.1090962802,4689524.774608006,19,T
1695951180271957686,482,13300000000000,GPS1_Frame,42.338966666666664,-71.08847333333334,25.4,327954.9717932566,4689524.777980315,19,T
1695951181294208446,483,13301000000000,GPS1_Frame,42.33896333333333,-71.08847666666666,25.4,327954.68809612945,4689524.414583588,19,T
1695951182293223542,484,13302000000000,GPS1_Frame,42.33896,-71.08847833333333,25.4,327954.54170200776,4689524.047814555,19,T
1695951183292729053,485,13303000000000,GPS1_Frame,42.33896,-71.08847833333333,25.3,327954.54170200776,4689524.047814555,19,T
1695951184294024739,486,13304000000000,GPS1_Frame,42.33896,-71.08847833333333,25.3,327954.54170200776,4689524.047814555,19,T
1695951185293815050,487,13305000000000,GPS1_Frame,42.33896,-71.08847833333333,25.3,327954.54170200776,4689524.047814555,19,T
1695951186293658837,488,13306000000000,GPS1_Frame,42.33896,-71.08847833333333,25.3,327954.54170200776,4689524.047814555,19,T
1695951187272862340,489,13307000000000,GPS1_Frame,42.33896,-71.08847833333333,25.3,327954.54170200776,4689524.047814555,19,T
1695951188293055743,490,13308000000000,GPS1_Frame,42.33896,-71.08847833333333,25.3,327954.54170200776,4689524.047814555,19,T
1695951189273157300,491,13309000000000,GPS1_Frame,42.33896,-71.08847833333333,25.3,327954.54170200776,4689524.047814555,19,T
1695951190294008165,492,13310000000000,GPS1_Frame,42.33896,-71.08847833333333,25.3,327954.54170200776,4689524.047814555,19,T
1695951191272241728,493,13311000000000,GPS1_Frame,42.33896,-71.08847833333333,25.3,327954.54170200776,4689524.047814555,19,T
1695951192273131193,494,13312000000000,GPS1_Frame,42.33896,-71.08847833333333,25.3,327954.54170200776,4689524.047814555,19,T
1695951193274665219,495,13313000000000,GPS1_Frame,42.33896,-71.08847833333333,25.3,327954.54170200776,4689524.047814555,19,T
1695951194293592369,496,13314000000000,GPS1_Frame,42.33896,-71.08847833333333,25.3,327954.54170200776,4689524.047814555,19,T
1695951195293530991,497,13315000000000,GPS1_Frame,42.33896,-71.08847833333333,25.3,327954.54170200776,4689524.047814555,19,T
1695951196273409517,498,13316000000000,GPS1_Frame,42.33896,-71.08847833333333,25.3,327954.54170200776,4689524.047814555,19,T
1695951197273001479,499,13317000000000,GPS1_Frame,42.33896,-71.08847833333333,25.3,327954.54170200776,4689524.047814555,19,T
1695951198272909777,500,13318000000000,GPS1_Frame,42.33896,-71.08847833333333,25.3,327954.54170200776,4689524.047814555,19,T
1695951199272385084,501,13319000000000,GPS1_Frame,42.33896,-71.08847833333333,25.3,327954.54170200776,4689524.047814555,19,T
1695951200272266183,502,13320000000000,GPS1_Frame,42.33896,-71.08847833333333,25.3,327954.54170200776,4689524.047814555,19,T
1695951201272848613,503,13321000000000,GPS1_Frame,42.33896,-71.08847833333333,25.3,327954.54170200776,4689524.047814555,19,T
1695951202272832451,504,13322000000000,GPS1_Frame,42.33896,-71.08847833333333,25.3,327954.54170200776,4689524.047814555,19,T
1695951203271562868,505,13323000000000,GPS1_Frame,42.33896,-71.08847833333333,25.3,327954.54170200776,4689524.047814555,19,T
1695951204272956139,506,13324000000000,GPS1_Frame,42.33896,-71.08847833333333,25.3,327954.54170200776,4689524.047814555,19,T
1695951205273699826,507,13325000000000,GPS1_Frame,42.33896,-71.08847833333333,25.3,327954.54170200776,4689524.047814555,19,T
1695951206273492994,508,13326000000000,GPS1_Frame,42.33896,-71.08847833333333,25.3,327954.54170200776,4689524.047814555,19,T
1695951207272823778,509,13327000000000,GPS1_Frame,42.33896,-71.08847833333333,25.3,327954.54170200776,4689524.047814555,19,T
1695951208272686588,510,13328000000000,GPS1_Frame,42.33896333333333,-71.08847666666666,25.5,327954.68809612945,4689524.414583588,19,T
1695951209274261267,511,13329000000000,GPS1_Frame,42.338965,-71.088475,25.8,327954.8299446945,4689524.59628195,19,T
1695951210292512492,512,13330000000000,GPS1_Frame,42.33896333333333,-71.08847333333334,25.9,327954.9627021871,4689524.407838963,19,T
1695951211273267003,513,13331000000000,GPS1_Frame,42.33896166666667,-71.08847166666666,26.0,327955.09545968706,4689524.219395979,19,T
1695951212273125761,514,13332000000000,GPS1_Frame,42.33896,-71.08847166666666,26.0,327955.0909141563,4689524.0343253035,19,T
1695951213273240362,515,13333000000000,GPS1_Frame,42.33896166666667,-71.08847,26.1,327955.2327627195,4689524.216023673,19,T
1695951214272212701,516,13334000000000,GPS1_Frame,42.33896166666667,-71.08847,26.2,327955.2327627195,4689524.216023673,19,T
1695951215292239946,517,13335000000000,GPS1_Frame,42.33896333333333,-71.08846833333334,26.3,327955.3746112755,4689524.397722045,19,T
1695951216271243383,518,13336000000000,GPS1_Frame,42.338968333333334,-71.08846666666666,26.4,327955.5255508672,4689524.949561772,19,T
1695951217270569991,519,13337000000000,GPS1_Frame,42.338971666666666,-71.08846833333334,26.7,327955.3973388958,4689525.323075423,19,T
1695951218270256610,520,13338000000000,GPS1_Frame,42.338975,-71.08846666666666,26.8,327955.54373295046,4689525.689844474,19,T
1695951219272434854,521,13339000000000,GPS1_Frame,42.33897833333333,-71.08846333333334,27.2,327955.82742998505,4689526.053241233,19,T
1695951220272950568,522,13340000000000,GPS1_Frame,42.33898166666667,-71.08846,27.4,327956.1111269953,4689526.416638003,19,T
1695951221272171684,523,13341000000000,GPS1_Frame,42.338985,-71.08845833333334,27.7,327956.2575209893,4689526.783407068,19,T
1695951222293736001,524,13342000000000,GPS1_Frame,42.33898666666666,-71.088455,28.1,327956.53667245305,4689526.961733177,19,T
1695951223294226087,525,13343000000000,GPS1_Frame,42.338991666666665,-71.08845166666667,28.6,327956.8249148776,4689527.51020065,19,T
1695951224290425997,526,13344000000000,GPS1_Frame,42.338993333333335,-71.08845,28.8,327956.96676333295,4689527.691899052,19,T
1695951225273070113,527,13345000000000,GPS1_Frame,42.338995,-71.08844833333333,29.2,327957.10861178103,4689527.873597456,19,T
1695951226272570673,528,13346000000000,GPS1_Frame,42.338998333333336,-71.08844666666667,29.6,327957.2550056975,4689528.240366543,19,T
1695951227292959281,529,13347000000000,GPS1_Frame,42.33900166666667,-71.08844666666667,30.2,327957.2640966568,4689528.610507895,19,T
1695951228273541659,530,13348000000000,GPS1_Frame,42.33900166666667,-71.08844666666667,30.6,327957.2640966568,4689528.610507895,19,T
1695951229294876783,531,13349000000000,GPS1_Frame,42.33900166666667,-71.088445,31.1,327957.40139960404,4689528.607135629,19,T
1695951230273390397,532,13350000000000,GPS1_Frame,42.339,-71.08844666666667,31.6,327957.2595511771,4689528.4254372185,19,T
1695951231272283071,533,13351000000000,GPS1_Frame,42.33900166666667,-71.08844666666667,31.8,327957.2640966568,4689528.610507895,19,T
1695951232293582537,534,13352000000000,GPS1_Frame,42.33900333333333,-71.08844333333333,31.9,327957.54324802384,4689528.788834043,19,T
1695951233293812617,535,13353000000000,GPS1_Frame,42.33900666666667,-71.08843833333333,32.0,327957.9642477741,4689529.148858622,19,T
1695951234293597616,536,13354000000000,GPS1_Frame,42.33901,-71.08843333333333,32.1,327958.3852474813,4689529.508883226,19,T
1695951235293917634,537,13355000000000,GPS1_Frame,42.33901,-71.08843,32.2,327958.6598533349,4689529.502138739,19,T
1695951236294366479,538,13356000000000,GPS1_Frame,42.339011666666664,-71.08842333333334,32.5,327959.2136104758,4689529.673720475,19,T
1695951237293323271,539,13357000000000,GPS1_Frame,42.339011666666664,-71.08842166666666,32.5,327959.35091340105,4689529.6703482475,19,T
1695951238293616029,540,13358000000000,GPS1_Frame,42.339011666666664,-71.08842,32.5,327959.4882163241,4689529.666976022,19,T
1695951239272274359,541,13359000000000,GPS1_Frame,42.339013333333334,-71.08842,32.7,327959.4927617468,4689529.852046699,19,T
1695951240272813844,542,13400000000000,GPS1_Frame,42.339013333333334,-71.08842,32.9,327959.4927617468,4689529.852046699,19,T
1695951241294551064,543,13401000000000,GPS1_Frame,42.339011666666664,-71.08842166666666,33.0,327959.35091340105,4689529.6703482475,19,T
1695951242273519161,544,13402000000000,GPS1_Frame,42.339013333333334,-71.08842,33.0,327959.4927617468,4689529.852046699,19,T
1695951243274044171,545,13403000000000,GPS1_Frame,42.339015,-71.08841666666666,33.0,327959.7719130033,4689530.030372932,19,T
1695951244273169424,546,13404000000000,GPS1_Frame,42.33902,-71.08841166666667,33.0,327960.1974579677,4689530.575468317,19,T
1695951245292867894,547,13405000000000,GPS1_Frame,42.339018333333335,-71.08840833333333,32.9,327960.46751838154,4689530.383653224,19,T
1695951246285920358,548,13406000000000,GPS1_Frame,42.339018333333335,-71.088405,32.9,327960.7421242005,4689530.376908819,19,T
1695951247269362065,549,13407000000000,GPS1_Frame,42.339018333333335,-71.088405,32.8,327960.7421242005,4689530.376908819,19,T
1695951248268630766,550,13408000000000,GPS1_Frame,42.339016666666666,-71.088405,32.8,327960.7375788101,4689530.1918381415,19,T
1695951249268759252,551,13409000000000,GPS1_Frame,42.339016666666666,-71.08840333333333,32.8,327960.8748817241,4689530.188465943,19,T
1695951250268580913,552,13410000000000,GPS1_Frame,42.339015,-71.08840333333333,32.8,327960.8703363375,4689530.003395268,19,T
1695951251268750687,553,13411000000000,GPS1_Frame,42.339013333333334,-71.08840166666667,32.8,327961.00309386814,4689529.814952395,19,T
1695951252268363571,554,13412000000000,GPS1_Frame,42.339013333333334,-71.08839833333333,32.9,327961.27769971086,4689529.808208011,19,T
1695951253271254853,555,13413000000000,GPS1_Frame,42.339013333333334,-71.08839666666667,32.8,327961.4150026301,4689529.804835823,19,T
1695951254273479166,556,13414000000000,GPS1_Frame,42.339013333333334,-71.08839666666667,32.8,327961.4150026301,4689529.804835823,19,T
1695951255273083824,557,13415000000000,GPS1_Frame,42.339013333333334,-71.08839666666667,32.8,327961.4150026301,4689529.804835823,19,T
1695951256272587962,558,13416000000000,GPS1_Frame,42.339015,-71.088395,32.8,327961.55685091775,4689529.986534315,19,T
1695951257273632648,559,13417000000000,GPS1_Frame,42.339013333333334,-71.088395,32.8,327961.5523055493,4689529.801463638,19,T
1695951258274209182,560,13418000000000,GPS1_Frame,42.339013333333334,-71.088395,32.9,327961.5523055493,4689529.801463638,19,T
1695951259273272255,561,13419000000000,GPS1_Frame,42.339013333333334,-71.08839333333333,32.9,327961.68960847065,4689529.798091456,19,T
1695951260272434730,562,13420000000000,GPS1_Frame,42.339015,-71.08839333333333,32.8,327961.6941538354,4689529.983162131,19,T
1695951261293774636,563,13421000000000,GPS1_Frame,42.339015,-71.08839333333333,32.8,327961.6941538354,4689529.983162131,19,T
1695951262273189646,564,13422000000000,GPS1_Frame,42.339013333333334,-71.08839166666667,32.8,327961.8269113898,4689529.794719275,19,T
1695951263273121603,565,13423000000000,GPS1_Frame,42.339011666666664,-71.08839166666667,32.8,327961.8223660288,4689529.609648599,19,T
1695951264273217627,566,13424000000000,GPS1_Frame,42.339011666666664,-71.08839333333333,32.8,327961.685063106,4689529.613020779,19,T
1695951265274586858,567,13425000000000,GPS1_Frame,42.339016666666666,-71.088395,32.9,327961.56139628624,4689530.17160499,19,T
1695951266294202918,568,13426000000000,GPS1_Frame,42.339018333333335,-71.088395,32.8,327961.5659416549,4689530.356675667,19,T
1695951267273473029,569,13427000000000,GPS1_Frame,42.33902,-71.088395,32.9,327961.5704870238,4689530.541746343,19,T
1695951268273169020,570,13428000000000,GPS1_Frame,42.33902166666667,-71.088395,33.0,327961.57503239275,4689530.726817018,19,T
1695951269273920487,571,13429000000000,GPS1_Frame,42.33902333333333,-71.088395,33.0,327961.5795777618,4689530.911887694,19,T
1695951270273458849,572,13430000000000,GPS1_Frame,42.33902333333333,-71.088395,33.0,327961.5795777618,4689530.911887694,19,T
1695951271273805373,573,13431000000000,GPS1_Frame,42.33902333333333,-71.088395,33.1,327961.5795777618,4689530.911887694,19,T
1695951272273320424,574,13432000000000,GPS1_Frame,42.33902,-71.08839333333333,33.3,327961.7077899305,4689530.53837416,19,T
1695951273293097912,575,13433000000000,GPS1_Frame,42.33902,-71.08839333333333,33.4,327961.7077899305,4689530.53837416,19,T
1695951274293611102,576,13434000000000,GPS1_Frame,42.339018333333335,-71.08839333333333,33.5,327961.70324456535,4689530.353303484,19,T
1695951275293122993,577,13435000000000,GPS1_Frame,42.33902,-71.08839333333333,33.6,327961.7077899305,4689530.53837416,19,T
1695951276274379812,578,13436000000000,GPS1_Frame,42.33902,-71.08839333333333,33.6,327961.7077899305,4689530.53837416,19,T
1695951277295324791,579,13437000000000,GPS1_Frame,42.33902,-71.08839333333333,33.6,327961.7077899305,4689530.53837416,19,T
1695951278274272897,580,13438000000000,GPS1_Frame,42.33902,-71.08839333333333,33.6,327961.7077899305,4689530.53837416,19,T
1695951279294107881,581,13439000000000,GPS1_Frame,42.33902,-71.08839333333333,33.6,327961.7077899305,4689530.53837416,19,T
1695951280273512931,582,13440000000000,GPS1_Frame,42.33902,-71.08839333333333,33.6,327961.7077899305,4689530.53837416,19,T
1695951281273225013,583,13441000000000,GPS1_Frame,42.339018333333335,-71.088395,33.8,327961.5659416549,4689530.356675667,19,T
1695951282273468174,584,13442000000000,GPS1_Frame,42.339016666666666,-71.08839833333333,34.0,327961.2867904623,4689530.178349363,19,T
1695951283296797795,585,13443000000000,GPS1_Frame,42.339016666666666,-71.08839833333333,34.0,327961.2867904623,4689530.178349363,19,T
1695951284293847492,586,13444000000000,GPS1_Frame,42.339016666666666,-71.08839833333333,34.0,327961.2867904623,4689530.178349363,19,T
1695951285294393964,587,13445000000000,GPS1_Frame,42.339016666666666,-71.08839833333333,34.0,327961.2867904623,4689530.178349363,19,T
1695951286294002344,588,13446000000000,GPS1_Frame,42.339016666666666,-71.08839833333333,34.0,327961.2867904623,4689530.178349363,19,T
1695951287293978746,589,13447000000000,GPS1_Frame,42.339016666666666,-71.08839833333333,34.0,327961.2867904623,4689530.178349363,19,T
1695951288293930474,590,13448000000000,GPS1_Frame,42.339016666666666,-71.08839833333333,34.0,327961.2867904623,4689530.178349363,19,T
1695951289294550075,591,13449000000000,GPS1_Frame,42.339016666666666,-71.08839833333333,34.0,327961.2867904623,4689530.178349363,19,T
1695951290273560441,592,13450000000000,GPS1_Frame,42.339015,-71.08840166666667,34.3,327961.007639251,4689530.000023072,19,T
1695951291273444835,593,13451000000000,GPS1_Frame,42.339011666666664,-71.08840833333333,34.7,327960.4493367915,4689529.6433705175,19,T
1695951292294309528,594,13452000000000,GPS1_Frame,42.339005,-71.08842166666666,34.5,327959.3327316971,4689528.930065542,19,T
1695951293273787468,595,13453000000000,GPS1_Frame,42.33900166666667,-71.08843,34.4,327958.63712611527,4689528.576785358,19,T
1695951294274139715,596,13454000000000,GPS1_Frame,42.33899,-71.08844,34.2,327957.7814901875,4689527.301524114,19,T
1695951295274010524,597,13455000000000,GPS1_Frame,42.33898,-71.08844833333333,33.8,327957.0677024409,4689526.207961373,19,T
1695951296293009150,598,13456000000000,GPS1_Frame,42.338975,-71.088455,33.6,327956.5048539797,4689525.666238446,19,T
1695951297294714468,599,13457000000000,GPS1_Frame,42.338971666666666,-71.088465,33.2,327955.6719449191,4689525.316330825,19,T
1695951298274265856,600,13458000000000,GPS1_Frame,42.338971666666666,-71.08847166666666,33.1,327955.1227328746,4689525.329820032,19,T
1695951299274052669,601,13459000000000,GPS1_Frame,42.338971666666666,-71.08847833333333,32.9,327954.5735208278,4689525.343309284,19,T
1695951300273167486,602,13500000000000,GPS1_Frame,42.33897,-71.08848333333333,32.6,327954.15706623654,4689525.168355575,19,T
1695951301273479681,603,13501000000000,GPS1_Frame,42.338965,-71.08849,32.4,327953.59421746095,4689524.626632873,19,T
1695951302273236589,604,13502000000000,GPS1_Frame,42.33895833333333,-71.088495,32.1,327953.16412605625,4689523.896467192,19,T
1695951303272728018,605,13503000000000,GPS1_Frame,42.33895666666667,-71.08849833333333,31.9,327952.88497438584,4689523.71814121,19,T
1695951304273622033,606,13504000000000,GPS1_Frame,42.33895833333333,-71.08850166666667,31.5,327952.6149138924,4689523.909956593,19,T
1695951305273568831,607,13505000000000,GPS1_Frame,42.338955,-71.08850333333334,31.2,327952.4685196516,4689523.543187597,19,T
1695951306273705807,608,13506000000000,GPS1_Frame,42.338955,-71.088505,31.1,327952.33121660654,4689523.546559956,19,T
1695951307273290982,609,13507000000000,GPS1_Frame,42.338955,-71.08850666666666,30.8,327952.1939135572,4689523.549932319,19,T
1695951308273215197,610,13508000000000,GPS1_Frame,42.33895666666667,-71.08850833333334,30.8,327952.06115611806,4689523.73837536,19,T
1695951309273923631,611,13509000000000,GPS1_Frame,42.338955,-71.08851166666666,30.7,327951.7820044133,4689523.560049422,19,T
1695951310273152218,612,13510000000000,GPS1_Frame,42.33895666666667,-71.08851333333334,30.5,327951.6492469851,4689523.748492472,19,T
1695951311273986656,613,13511000000000,GPS1_Frame,42.33896,-71.08851666666666,30.3,327951.38373215485,4689524.125378579,19,T
1695951312293651638,614,13512000000000,GPS1_Frame,42.33896166666667,-71.08851666666666,30.3,327951.38827778364,4689524.310449256,19,T
1695951313274409738,615,13513000000000,GPS1_Frame,42.338965,-71.088515,30.4,327951.5346720672,4689524.677218229,19,T
1695951314273675722,616,13514000000000,GPS1_Frame,42.338965,-71.08851666666666,30.4,327951.3973690417,4689524.680590607,19,T
1695951315272994377,617,13515000000000,GPS1_Frame,42.33896333333333,-71.08852,30.3,327951.11821735004,4689524.502264695,19,T
1695951316273497077,618,13516000000000,GPS1_Frame,42.33896333333333,-71.08852,30.4,327951.11821735004,4689524.502264695,19,T
1695951317293982933,619,13517000000000,GPS1_Frame,42.33896,-71.08852166666667,30.4,327950.9718230434,4689524.135495731,19,T
1695951318273965281,620,13518000000000,GPS1_Frame,42.33895666666667,-71.08852333333333,30.4,327950.8254287187,4689523.768726767,19,T
1695951319274180414,621,13519000000000,GPS1_Frame,42.33895166666667,-71.08852666666667,30.5,327950.5371856791,4689523.220259526,19,T
1695951320273714367,622,13520000000000,GPS1_Frame,42.33895,-71.08852833333333,30.5,327950.39533697115,4689523.038561246,19,T
1695951321274328652,623,13521000000000,GPS1_Frame,42.33895,-71.088525,30.7,327950.66994308773,4689523.031816455,19,T
1695951322274791231,624,13522000000000,GPS1_Frame,42.33895,-71.088525,30.8,327950.66994308773,4689523.031816455,19,T
1695951323273286293,625,13523000000000,GPS1_Frame,42.338948333333335,-71.08852666666667,30.7,327950.5280943798,4689522.850118174,19,T
1695951324293611466,626,13524000000000,GPS1_Frame,42.338946666666665,-71.08852833333333,30.5,327950.3862456649,4689522.668419896,19,T
1695951325294204241,627,13525000000000,GPS1_Frame,42.338948333333335,-71.08852666666667,30.5,327950.5280943798,4689522.850118174,19,T
1695951326294110011,628,13526000000000,GPS1_Frame,42.338948333333335,-71.08852333333333,30.6,327950.80270050577,4689522.843373388,19,T
1695951327273814401,629,13527000000000,GPS1_Frame,42.338945,-71.08852333333333,30.6,327950.7936092216,4689522.473232037,19,T
1695951328294608460,630,13528000000000,GPS1_Frame,42.33894333333333,-71.08852166666667,30.6,327950.9263666547,4689522.284788972,19,T
1695951329273468409,631,13529000000000,GPS1_Frame,42.33894,-71.08852166666667,30.6,327950.91727537866,4689521.91464762,19,T
1695951330292781598,632,13530000000000,GPS1_Frame,42.33893833333333,-71.08852333333333,30.5,327950.7754266551,4689521.732949334,19,T
1695951331269149920,633,13531000000000,GPS1_Frame,42.33893833333333,-71.08852333333333,30.6,327950.7754266551,4689521.732949334,19,T
1695951332266276908,634,13532000000000,GPS1_Frame,42.33894,-71.08852166666667,30.5,327950.91727537866,4689521.91464762,19,T
1695951333286203338,635,13533000000000,GPS1_Frame,42.33894,-71.08852166666667,30.6,327950.91727537866,4689521.91464762,19,T
1695951334292331645,636,13534000000000,GPS1_Frame,42.33894166666666,-71.08852166666667,31.1,327950.9218210166,4689522.099718296,19,T
1695951335293436207,637,13535000000000,GPS1_Frame,42.33894333333333,-71.08852,31.4,327951.0636697253,4689522.281416586,19,T
1695951336294106509,638,13536000000000,GPS1_Frame,42.338945,-71.08852,31.4,327951.0682153599,4689522.4664872615,19,T
1695951337274479157,639,13537000000000,GPS1_Frame,42.338945,-71.08851833333334,31.3,327951.20551843115,4689522.463114878,19,T
1695951338293739911,640,13538000000000,GPS1_Frame,42.338945,-71.088515,31.2,327951.4801245715,4689522.456370118,19,T
1695951339295379832,641,13539000000000,GPS1_Frame,42.338946666666665,-71.08851166666666,31.2,327951.75927632826,4689522.634696045,19,T
1695951340273850416,642,13540000000000,GPS1_Frame,42.338928333333335,-71.08852,31.0,327951.0227590206,4689520.615780506,19,T
1695951341294143133,643,13541000000000,GPS1_Frame,42.338903333333334,-71.08853,30.9,327950.13075557526,4689517.85995474,19,T
1695951342295976764,644,13542000000000,GPS1_Frame,42.33889166666667,-71.08853666666667,31.0,327949.54972326336,4689516.577949644,19,T
1695951343275183756,645,13543000000000,GPS1_Frame,42.33886,-71.08854833333334,31.0,327948.5022328424,4689513.085213784,19,T
1695951344274313402,646,13544000000000,GPS1_Frame,42.338811666666665,-71.08856166666666,31.0,327947.2719810414,4689507.745143792,19,T
1695951345274237257,647,13545000000000,GPS1_Frame,42.33875166666667,-71.08855166666666,30.0,327947.9321563898,4689501.062364964,19,T
1695951346292633891,648,13546000000000,GPS1_Frame,42.338705,-71.08854333333333,29.5,327948.49139518535,4689495.863524072,19,T
1695951347291176802,649,13547000000000,GPS1_Frame,42.33864666666667,-71.08853666666667,28.3,327948.88151189894,4689489.372561023,19,T
1695951348272056594,650,13548000000000,GPS1_Frame,42.338585,-71.08855,28.3,327947.6148923085,4689482.5519257095,19,T
1695951349272580594,651,13549000000000,GPS1_Frame,42.33853166666667,-71.08856333333334,28.0,327946.37099922565,4689476.656643946,19,T
1695951350271715835,652,13550000000000,GPS1_Frame,42.33850833333333,-71.088565,28.5,327946.17005551787,4689474.069027098,19,T
1695951351270284265,653,13551000000000,GPS1_Frame,42.338458333333335,-71.088555,27.2,327946.8575095372,4689468.496672536,19,T
1695951352270479220,654,13552000000000,GPS1_Frame,42.338433333333334,-71.08855666666666,27.2,327946.6520203464,4689465.723985044,19,T
1695951353270738568,655,13553000000000,GPS1_Frame,42.338411666666666,-71.08855666666666,26.9,327946.59292665345,4689463.318066446,19,T
1695951354274035355,656,13554000000000,GPS1_Frame,42.33840166666667,-71.088555,27.0,327946.7029569028,4689462.204270043,19,T
1695951355273990721,657,13555000000000,GPS1_Frame,42.33839666666667,-71.08855333333334,27.1,327946.82662417786,4689461.645685627,19,T
1695951356273229705,658,13556000000000,GPS1_Frame,42.33839,-71.08855,26.8,327947.0830501036,4689460.898658125,19,T
1695951357274677424,659,13557000000000,GPS1_Frame,42.33837833333333,-71.08854833333334,26.5,327947.1885348499,4689459.599791077,19,T
1695951358275219665,660,13558000000000,GPS1_Frame,42.338365,-71.08854666666667,26.4,327947.2894740164,4689458.115853376,19,T
1695951359274555515,661,13559000000000,GPS1_Frame,42.33835,-71.08854,26.2,327947.79778071237,4689456.436727775,19,T
1695951360275962124,662,13600000000000,GPS1_Frame,42.33833833333333,-71.08853666666667,26.0,327948.0405701159,4689455.134488347,19,T
1695951361275348812,663,13601000000000,GPS1_Frame,42.33832666666667,-71.088535,25.7,327948.1460552139,4689453.835621333,19,T
1695951362295693463,664,13602000000000,GPS1_Frame,42.33831166666667,-71.08853166666667,25.6,327948.3797536024,4689452.163240609,19,T
1695951363275042344,665,13603000000000,GPS1_Frame,42.3383,-71.08853166666667,25.6,327948.34793437447,4689450.867746003,19,T
1695951364274287670,666,13604000000000,GPS1_Frame,42.33829333333333,-71.08853333333333,25.4,327948.1924474727,4689450.130835772,19,T
1695951365274159901,667,13605000000000,GPS1_Frame,42.33828666666667,-71.088535,25.4,327948.03696054226,4689449.393925543,19,T
1695951366274883612,668,13606000000000,GPS1_Frame,42.33828,-71.08853666666667,25.2,327947.8814735849,4689448.657015317,19,T
1695951367274407620,669,13607000000000,GPS1_Frame,42.338276666666665,-71.08853666666667,25.1,327947.87238236004,4689448.286874003,19,T
1695951368287243304,670,13608000000000,GPS1_Frame,42.338275,-71.08853833333333,25.1,327947.7305322188,4689448.105175752,19,T
1695951369268570801,671,13609000000000,GPS1_Frame,42.338275,-71.08854166666667,25.1,327947.4559231587,4689448.111920572,19,T
1695951370270932128,672,13610000000000,GPS1_Frame,42.338276666666665,-71.088545,25.1,327947.18585973105,4689448.30373606,19,T
1695951371267214672,673,13611000000000,GPS1_Frame,42.33828,-71.08854666666667,25.0,327947.057646472,4689448.677249794,19,T
1695951372265975507,674,13612000000000,GPS1_Frame,42.33828166666667,-71.08854833333334,24.9,327946.9248875898,4689448.865692874,19,T
1695951373265002151,675,13613000000000,GPS1_Frame,42.33828333333334,-71.08855166666666,24.9,327946.65482420614,4689449.057508384,19,T
1695951374279313379,676,13614000000000,GPS1_Frame,42.338278333333335,-71.08855833333334,25.1,327946.09196917835,4689448.51578615,19,T
1695951375279550749,677,13615000000000,GPS1_Frame,42.338275,-71.088565,25.4,327945.5336597384,4689448.159134614,19,T
1695951376259861851,678,13616000000000,GPS1_Frame,42.33827333333333,-71.08857,25.4,327945.11720046384,4689447.984181322,19,T
1695951377275192196,679,13617000000000,GPS1_Frame,42.338271666666664,-71.088575,25.4,327944.70074116753,4689447.8092280505,19,T
1695951378257939656,680,13618000000000,GPS1_Frame,42.33827,-71.08858,25.4,327944.28428184945,4689447.634274805,19,T
1695951379375308170,681,13619000000000,GPS1_Frame,42.33826833333333,-71.08858666666667,25.4,327943.73051796365,4689447.4626940675,19,T
1695951380275032015,682,13620000000000,GPS1_Frame,42.33826666666667,-71.08859166666667,25.4,327943.31405859836,4689447.287740879,19,T
1695951381258310195,683,13621000000000,GPS1_Frame,42.338265,-71.08859666666666,25.4,327942.8975992113,4689447.112787714,19,T
1695951382358027415,684,13622000000000,GPS1_Frame,42.33826333333333,-71.08860166666666,25.4,327942.4811398025,4689446.937834572,19,T
1695951383357935968,685,13623000000000,GPS1_Frame,42.33826166666667,-71.08860666666666,25.4,327942.06468037196,4689446.762881458,19,T
1695951384358426451,686,13624000000000,GPS1_Frame,42.33826,-71.08861166666667,25.4,327941.64822091965,4689446.587928363,19,T
1695951385258702769,687,13625000000000,GPS1_Frame,42.338258333333336,-71.08861666666667,25.4,327941.2317614434,4689446.412975295,19,T
1695951386274264047,688,13626000000000,GPS1_Frame,42.338256666666666,-71.08862166666667,25.4,327940.81530194543,4689446.23802225,19,T
1695951387275334884,689,13627000000000,GPS1_Frame,42.338255,-71.08862666666667,25.5,327940.3988424279,4689446.063069231,19,T
1695951388275515094,690,13628000000000,GPS1_Frame,42.338253333333334,-71.08863166666667,25.5,327939.98238288856,4689445.888116236,19,T
1695951389276183065,691,13629000000000,GPS1_Frame,42.338251666666665,-71.08863666666667,25.5,327939.56592332735,4689445.713163264,19,T
